,project,product,groupid,pushid,graph_date,origin,totalcost,tier23_cost,taskcount,tier23_taskcount
0,mozilla-inbound,firefox,S3Vc6PnpSFGdR7crzhABYQ,109427,1540987458,push,59.34,4.73,1939,117
1,mozilla-inbound,firefox,SbS0aJBSTK2pEq5X9-T6tQ,109428,1540990402,push,28.74,2.89,558,36
2,mozilla-inbound,firefox,Nun0Ipe2RieY-3mON7JziA,109430,1540993029,push,72.83,4.35,2125,115
3,mozilla-inbound,firefox,erGtc_wkTyqX0_19cR-hFA,109431,1540993884,push,28.27,2.55,1885,115
4,mozilla-inbound,firefox,ZG_Lbq0sTOCYFP2b52lduA,109432,1540996270,push,60.4,3.99,1893,115
5,mozilla-inbound,firefox,FFf--snTQ_ixvXzR3c8Zmw,109434,1540997256,push,15.94,3.43,328,69
6,mozilla-inbound,firefox,Pm9ZQsKaRHa3FT5hpgehiA,109435,1540997299,push,56.98,4.45,1912,148
7,mozilla-inbound,firefox,S3ax5cw5RWKqUe-rUYtzKw,109436,1540997607,push,16.51,3.74,392,95
8,mozilla-inbound,firefox,QbADCgrwR6CmSBwv6oRcGA,109439,1540999826,push,15.34,2.66,293,34
9,mozilla-inbound,firefox,AR_vuOPmTdaCk0w5UW_Zpw,109440,1541004328,push,74.7,6.66,2203,180
10,mozilla-inbound,firefox,NRb2AYxHTMmHgcS2lDCOkg,109441,1541007041,push,20.23,3.49,349,71
11,mozilla-inbound,firefox,fkgZU2h_TzOTZ1ClL22CJg,109442,1541009474,push,16.17,3.29,328,69
12,mozilla-inbound,firefox,KepW7rK9S6SesMdlsKRIRQ,109443,1541009635,push,2.43,0.04,55,7
13,mozilla-inbound,firefox,VReTJzIOQ5GKwmgfcY55vQ,109444,1541010008,push,16.66,2.96,294,34
14,mozilla-inbound,firefox,UETPkvLQQWKf3aOI4c_ZVA,109445,1541011239,push,56.51,4.18,1872,116
15,mozilla-inbound,firefox,Ep55I6kGTmWFwIfFkosNOw,109446,1541011636,push,15.75,2.99,293,34
16,mozilla-inbound,firefox,QIayYlF6TXq1psxw8yTquA,109447,1541011888,push,16.15,3.43,328,69
17,mozilla-inbound,firefox,OmJ0sUM1RKyGccjpcX4g7Q,109448,1541012280,push,16.7,4.05,338,80
18,mozilla-inbound,firefox,fKJtMnh_R1yNYAPFTqdZyQ,109449,1541012498,push,20.47,3.73,350,71
19,mozilla-inbound,firefox,GgB4It8oTR2fhXYqMVfIRw,109450,1541012916,push,56.88,4.47,1901,148
20,mozilla-inbound,firefox,PfyrbFe-RIOHWB6Sve-5ZA,109451,1541015688,push,15.9,2.88,293,34
21,mozilla-inbound,firefox,SL0v9voOS7WgDU8YudFDbQ,109453,1541018148,push,15.51,3.1,328,69
22,mozilla-inbound,firefox,bRGI9gCrR8C6tI1b19xtLA,109454,1541019924,push,15.4,3.21,329,69
23,mozilla-inbound,firefox,TunAJlvjR3-PwFNRh7rdgg,109455,1541022391,push,75.52,7.72,2219,185
24,mozilla-inbound,firefox,VWBDRT0ERsm0qNrEco3j7w,109456,1541024205,push,28.81,2.85,557,36
25,mozilla-inbound,firefox,Ar2BrarBTdKsh2nR4CBBLg,109457,1541028242,push,61.45,4.02,1889,115
26,mozilla-inbound,firefox,EFjIpmeUTZ2RKoA8c4P7nQ,109458,1541029717,push,15.24,2.77,294,34
27,mozilla-inbound,firefox,ErhnCzqeTy28PBBV1HRFNw,109459,1541034903,push,57.43,4.4,1905,148
28,mozilla-inbound,firefox,D1lit_k9RtWzJj0jDe-GOg,109460,1541038964,push,66.99,4.26,2144,154
29,mozilla-inbound,firefox,KFscAEwNQCK3Ky72FROeOQ,109461,1541039633,push,27.89,2.83,556,37
30,mozilla-inbound,firefox,RTR2JgsIQQS8Tvz01Jl-iA,109462,1541041555,push,18.88,2.79,311,37
31,mozilla-inbound,firefox,aDbyp3ZUTUy2YZJ9N03IqQ,109463,1541047324,push,58.39,4.78,1911,167
32,mozilla-inbound,firefox,RnG6W8KCT5KfMENdfNNNGw,109465,1541049484,push,45.68,2.32,1872,119
33,mozilla-inbound,firefox,NVG6qviUQEiqjTu1eWIKnA,109466,1541052803,push,8.89,0.26,127,11
34,mozilla-inbound,firefox,YE9-Z0dISvqQ5PZZp_i_oA,109467,1541054099,push,15.53,3.3,327,70
35,mozilla-inbound,firefox,NWBrGcbFTGihPUxlBG7ddw,109468,1541055286,push,14.67,2.54,302,35
36,mozilla-inbound,firefox,La6Ke5AnSSewkzjC6izfOg,109469,1541056273,push,67.31,2.09,2142,136
37,mozilla-inbound,firefox,aADqMsUeRWOr1zE85i0h2Q,109470,1541064109,push,57.12,4.41,1916,154
38,mozilla-inbound,firefox,Kvg0WU_rRQOOVjPNLnnY9w,109471,1541065597,push,30.1,4.12,636,89
39,mozilla-inbound,firefox,LOSacENjQHynnsj_A9q3Kw,109472,1541070677,push,58.38,4.78,1972,156
40,mozilla-inbound,firefox,EPiyQDilR5WDDr9JSGQw5g,109473,1541077131,push,71.31,3.97,2172,121
41,mozilla-inbound,firefox,fZVdzBTiRnm0Q2XQJpYyUw,109475,1541084068,push,58.93,4.71,1992,163
42,mozilla-inbound,firefox,SRfTHpAnRC6TEmNKRONWrA,109476,1541087332,push,16.47,3.52,353,72
43,mozilla-inbound,firefox,DhSCKvy1Q2CR2fdIQTuX4Q,109477,1541088348,push,15.66,2.58,321,37
44,mozilla-inbound,firefox,Hlys6tCvRvOQgMurWhhCHQ,109478,1541089481,push,15.2,2.81,308,37
45,mozilla-inbound,firefox,JN-y9tZyRgGwLGeRtMnocg,109479,1541089838,push,15.96,3.27,334,72
46,mozilla-inbound,firefox,OzLAW8D8QGe9zUkbY6gdnA,109480,1541090789,push,58.37,3.96,1917,136
47,mozilla-inbound,firefox,GcQqXaSlTMObKymtuzwxMw,109481,1541091479,push,15.3,2.68,318,36
48,mozilla-inbound,firefox,S0n-4JdAQ5iXSHjQOhR8wA,109482,1541092109,push,14.8,2.81,294,36
49,mozilla-inbound,firefox,e411Rt__SPaNhZ_4GfRUJg,109483,1541093745,push,41.73,5.3,661,63
50,mozilla-inbound,firefox,avJT4lX6Q6uKO7M08MB0Hw,109484,1541094323,push,14.79,2.62,293,36
51,mozilla-inbound,firefox,HqH9Sv3rTs2q23LdoYn4NA,109485,1541095098,push,61.41,3.97,1892,121
52,mozilla-inbound,firefox,YWxdSZLITvm8QGT0gsfuDg,109486,1541096699,push,15.65,3.16,344,71
53,mozilla-inbound,firefox,QX9Zj_bxRV2U-NWHpA4mFw,109487,1541096751,push,27.66,2.87,554,37
54,mozilla-inbound,firefox,O57vOLUXRaG-9YbToMYbLg,109488,1541097119,push,14.53,2.67,292,35
55,mozilla-inbound,firefox,KuPgeQ_tTZCgEgbS0dC7_Q,109489,1541102988,push,62.34,2.0,2118,134
56,mozilla-inbound,firefox,WBFRSo2TTsKJMAvXCZgDiw,109490,1541105846,push,55.37,3.79,1872,120
57,mozilla-inbound,firefox,DU4B1AoARKGooHr4rAMCxw,109491,1541105955,push,15.55,2.91,294,35
58,mozilla-inbound,firefox,GovefKpvTciTHZWQC_RQ9w,109492,1541108293,push,17.29,3.69,357,96
59,mozilla-inbound,firefox,b8gfc6cFQyCDaxDpi1mhKg,109493,1541108826,push,15.88,2.83,293,35
60,mozilla-inbound,firefox,X20QUfeiSIqTq_7vRYw20Q,109494,1541111977,push,31.99,5.31,646,108
61,mozilla-inbound,firefox,P5xi1yfcTaiX1hkrxn2cpQ,109495,1541114328,push,57.89,3.85,1887,119
62,mozilla-inbound,firefox,GCw9_72pTvKIqWLZd_owHA,109496,1541114806,push,15.1,2.66,291,35
63,mozilla-inbound,firefox,NiUhXI-NRzqmY8sh7--qOg,109497,1541117450,push,17.37,2.75,267,39
64,mozilla-inbound,firefox,JPTCD2WZQZewYgsGdltdTw,109498,1541124014,push,56.6,3.94,1876,119
65,mozilla-inbound,firefox,MhVeLgZJRBW0pOlGlKfv9Q,109499,1541126663,push,14.27,2.82,248,36
66,mozilla-inbound,firefox,QUrwJE6qQ9CCTgONiypaQA,109500,1541132346,push,59.28,4.47,1878,119
67,mozilla-inbound,firefox,LeBiH8R-Tpujdo39-tbGLg,109501,1541135960,push,73.6,5.83,2212,184
68,mozilla-inbound,firefox,PU3v7nlZSrSzeRFTOQZfvg,109502,1541141987,push,71.37,4.3,2127,121
69,mozilla-inbound,firefox,BhL_WICFSFWaNaP0umgkVQ,109503,1541144019,push,27.54,2.79,513,38
70,mozilla-inbound,firefox,bPQy0G2lQs6lkwy9sLwsVg,109505,1541151968,push,59.17,4.81,1925,180
71,mozilla-inbound,firefox,Oc7BTtLOS-ObjPu4hebToA,109506,1541157216,push,70.98,4.54,2162,156
72,mozilla-inbound,firefox,BvJCeXwmSx21SZjWo08MGA,109507,1541162257,push,57.05,4.32,1910,159
73,mozilla-inbound,firefox,c6-GbgUTTP6R8lpTJ3COAg,109508,1541162379,push,13.31,2.67,247,37
74,mozilla-inbound,firefox,Q0VnCZ1rRMiqCWeD6G_CZQ,109509,1541164584,push,14.64,3.01,248,36
75,mozilla-inbound,firefox,N2O120IQSYSH0bGtvFuvgQ,109510,1541165482,push,60.44,4.77,1899,154
76,mozilla-inbound,firefox,XdR9W79-QAu_drgdRUJV4g,109511,1541166114,push,17.58,2.91,270,38
77,mozilla-inbound,firefox,E1JlGqlRRpy4JmIptUVwMg,109512,1541167511,push,17.35,2.73,270,38
78,mozilla-inbound,firefox,ABScoXkoSw-9_bPQcwbYgA,109513,1541169891,push,17.34,2.77,268,40
79,mozilla-inbound,firefox,aW80QGUJQnulB9JpUdYBvQ,109514,1541170538,push,14.28,3.25,293,71
80,mozilla-inbound,firefox,euB4oDuLRe-F5j6-ryEd3w,109515,1541171079,push,61.42,3.97,1885,125
81,mozilla-inbound,firefox,Mt93IWmdRlyN3tQGKaK14w,109516,1541171362,push,17.31,2.86,271,38
82,mozilla-inbound,firefox,YChkW4N0RoeVnnX1GRBQNg,109517,1541171606,push,14.28,2.73,269,36
83,mozilla-inbound,firefox,carTVjHgTg6RKT2gLuULIw,109518,1541172533,push,71.11,5.07,2265,182
84,mozilla-inbound,firefox,V993y4TSRbGkpeKsatf5rw,109519,1541173774,push,15.13,3.14,316,71
85,mozilla-inbound,firefox,J208ttCTRu61CRAqjIs-Jw,109520,1541175478,push,59.63,4.02,1877,119
86,mozilla-inbound,firefox,Thg0V0RQTbWCqwkyHioCfg,109521,1541175910,push,73.01,4.57,2181,156
87,mozilla-inbound,firefox,eadJSI6nSL-QjQAbeN1WGA,109522,1541177825,push,14.29,3.26,291,71
88,mozilla-inbound,firefox,PH3kOSo5S82VSGsA4A5UMw,109523,1541178000,push,29.01,4.16,578,88
89,mozilla-inbound,firefox,GAIPWIQ6RjGs6fNdPwyRBg,109524,1541178575,push,13.96,2.79,261,36
90,mozilla-inbound,firefox,KrUX3P6JRk6ptezmteAQkA,109525,1541178843,push,72.28,4.57,2193,156
91,mozilla-inbound,firefox,axIbnuxMRT-T0KZudQzeUg,109526,1541183512,push,57.23,3.91,1884,120
92,mozilla-inbound,firefox,dtEkGJiCT82u-gvNgCO8XA,109527,1541183665,push,14.6,3.18,290,71
93,mozilla-inbound,firefox,MFeQKcV_RYGZd0Q0LdbnGQ,109528,1541185790,push,14.14,3.21,287,71
94,mozilla-inbound,firefox,TmvPvB-OSEqFlfXJ1T7fCA,109529,1541187392,push,13.72,2.54,250,36
95,mozilla-inbound,firefox,Ek3Skh6AQuyU3fQM-8XiDA,109530,1541187517,push,59.14,4.03,1864,119
96,mozilla-inbound,firefox,XQYxrEuOSOm91dAQhOF4Yg,109531,1541187660,push,14.67,3.37,283,71
97,mozilla-inbound,firefox,bu9N4vGKTueRDtYnRtSWcQ,109532,1541189197,push,72.71,5.13,2176,157
98,mozilla-inbound,firefox,OcjHuAA6TlivXnyRr-S0Kg,109533,1541189979,push,66.17,4.55,2144,154
99,mozilla-inbound,firefox,BZFP1kg7Si2cNc7h1rYZ0g,109534,1541192502,push,18.78,3.6,311,74
100,mozilla-inbound,firefox,WGZshgOFSpyAIsiEbAl5WA,109535,1541193302,push,63.17,4.81,1945,157
101,mozilla-inbound,firefox,H3-kIDfyRqahPgq_7A30Og,109536,1541193640,push,15.11,3.01,264,36
102,mozilla-inbound,firefox,d6dFYKOLQBGYf_vEPT71kw,109537,1541194743,push,14.17,2.78,248,36
103,mozilla-inbound,firefox,UjcwwjroRFm_TaQZDGavMw,109538,1541194860,push,14.09,2.79,248,36
104,mozilla-inbound,firefox,WKmSt9BtRJmt99ZVJFuKxA,109539,1541194901,push,26.5,2.84,513,38
105,mozilla-inbound,firefox,O8sCulJmS0SAJIUjoTorvw,109540,1541195072,push,56.83,4.87,1864,122
106,mozilla-inbound,firefox,brQy7-NYSga7ecLNnjpbJg,109541,1541195410,push,16.47,4.17,252,39
107,mozilla-inbound,firefox,EijVCQDDSbOR9KBQSUCHwQ,109542,1541195644,push,31.29,6.04,588,104
108,mozilla-inbound,firefox,ElI7MgPfSkK5z7oC5eLmjA,109543,1541199121,push,9.04,0.25,107,11
109,mozilla-inbound,firefox,LP4aqeYGQsa2kYLdy2WNTw,109544,1541200141,push,20.04,3.89,313,74
110,mozilla-inbound,firefox,AI6w-kerQnS-6ZSxACtveQ,109545,1541200631,push,62.7,4.93,1950,157
111,mozilla-inbound,firefox,SkUwML-0R1m8rK5j6wS0_Q,109546,1541202091,push,15.81,3.16,323,71
112,mozilla-inbound,firefox,QOzBS4oSQeaUWb97YBn4bA,109547,1541207128,push,57.33,4.61,1906,154
113,mozilla-inbound,firefox,WwstuC5LR0GcgcsFgCPtxg,109548,1541207743,push,71.5,5.1,2199,182
114,mozilla-inbound,firefox,AUf4ORBvQy-mTFZo5QX1EQ,109549,1541218687,push,59.57,3.93,1863,119
115,mozilla-inbound,firefox,Io14sxQ3RW-iapZqno1-UQ,109550,1541221844,push,69.81,4.58,2147,154
116,mozilla-inbound,firefox,DAoC9JdmQa-mjh3oTpNPbQ,109551,1541238944,push,71.72,5.51,2182,169
117,mozilla-inbound,firefox,Xn1psPNrSre624YaxEL41Q,109552,1541276585,push,28.7,0.02,861,16
118,mozilla-inbound,firefox,AhaNjPbvSlGJ31MaZfGCTw,109553,1541281694,push,73.87,5.15,2202,158
119,mozilla-inbound,firefox,bSk8_Na0Q5iz-uqlnbLuFQ,109554,1541288898,push,67.15,4.25,2200,154
120,mozilla-inbound,firefox,VfbihkkrRVqT5w8I3qe8fg,109556,1541356249,push,69.52,4.63,2167,154
121,mozilla-inbound,firefox,IhgCXYKQT6mR33vLK3NXog,109557,1541368080,push,60.07,3.99,1881,121
122,mozilla-inbound,firefox,AQ61errwQQ2pCDMJcHk-pg,109558,1541385287,push,69.5,4.83,2145,154
123,mozilla-inbound,firefox,ZLphEvIdTlupEofmUWSQUw,109559,1541387824,push,27.03,2.73,516,38
124,mozilla-inbound,firefox,c0PO2jc3Sxyu0LDxaE6sHQ,109560,1541388977,push,60.2,3.93,1873,119
125,mozilla-inbound,firefox,cnuFFDbmSa2nswwJ4YQVOg,109561,1541389131,push,13.53,2.54,251,36
126,mozilla-inbound,firefox,fCEeMgNATxCQmMgAyXiaHg,109563,1541400862,push,61.32,4.86,1919,154
127,mozilla-inbound,firefox,JW5d8BfOTIeNUbCxFv5cRg,109564,1541403394,push,14.75,3.25,296,71
128,mozilla-inbound,firefox,H9wQWgtyRMaF4gYXp1lTuA,109565,1541405131,push,58.52,3.72,1863,119
129,mozilla-inbound,firefox,Op8RF0JkRKqlfuXnTE8hyg,109566,1541409507,push,60.11,5.4,1928,167
130,mozilla-inbound,firefox,MkItLKolS1qpDKoqmWJ-yw,109567,1541410691,push,14.51,3.22,286,71
131,mozilla-inbound,firefox,B9RxjcxiS423lt0Q4uTCYQ,109568,1541411625,push,28.01,3.46,555,73
132,mozilla-inbound,firefox,VXioViQBT1aieRRu4_kvqg,109569,1541411935,push,14.31,3.4,288,71
133,mozilla-inbound,firefox,RzfsKV87QVWiOydJpdi97w,109570,1541413438,push,57.99,3.74,1872,119
134,mozilla-inbound,firefox,PYjbn-3ySJydlXUCRf7v1A,109571,1541414278,push,14.6,3.11,287,71
135,mozilla-inbound,firefox,LriXA4KqTTauGnTrkCILzg,109572,1541415916,push,13.66,2.59,250,36
136,mozilla-inbound,firefox,SG68wFtXTqmdifQWnoFCaw,109573,1541416587,push,7.69,0.24,85,11
137,mozilla-inbound,firefox,TlcQ8cIvQi-JAWBAu5uPUA,109574,1541416736,push,13.88,3.06,286,71
138,mozilla-inbound,firefox,G4cDE7IqSbyg2GyxYM5rhQ,109575,1541416991,push,55.79,3.75,1863,119
139,mozilla-inbound,firefox,TY3405qzTSKu5wVY8xOKYQ,109576,1541419239,push,7.62,0.24,83,11
140,mozilla-inbound,firefox,XVL1FFrzQFiyw1AEsl3kEA,109577,1541422741,push,27.15,3.17,554,73
141,mozilla-inbound,firefox,J0JgBle4RI6ZIB9Oq3ZjUA,109578,1541424271,push,16.58,2.68,518,38
142,mozilla-inbound,firefox,FfXPRkACQJClE3W6vukGHg,109579,1541425644,push,26.52,2.78,517,38
143,mozilla-inbound,firefox,Meylsmp0TyuxgwYm0TnbIg,109580,1541426069,push,19.02,0.97,364,27
144,mozilla-inbound,firefox,egI7ncJjQaWhUZ9hiAmU1Q,109581,1541429114,push,13.63,2.55,254,36
145,mozilla-inbound,firefox,OHm-no6wScqXb85V6FLkRQ,109582,1541434880,push,65.22,5.43,1953,171
146,mozilla-inbound,firefox,LeMEHY_8R-i_Rw24WV5Fzg,109583,1541437613,push,15.35,3.79,297,71
147,mozilla-inbound,firefox,aYNLiwIXTJaJ5KRsIcokGg,109584,1541437880,push,27.88,2.9,518,38
148,mozilla-inbound,firefox,EjKbzJFfQd605Xr3cG3G7Q,109585,1541437987,push,63.68,4.58,2015,154
149,mozilla-inbound,firefox,DPdD81scSS65RG9zZMbShw,109586,1541440023,push,14.49,3.48,288,71
150,mozilla-inbound,firefox,bS2av4KTQAG27HIcL_2LLQ,109587,1541442848,push,5.04,0.65,100,44
151,mozilla-inbound,firefox,FwIbqqQdS9i7BGDEBVWVGw,109588,1541443476,push,16.54,4.05,288,71
152,mozilla-inbound,firefox,CJbcOAf2S9aplsCgnJL3hw,109589,1541445612,push,16.15,3.83,292,71
153,mozilla-inbound,firefox,TQvcTY9DSweq2dtdA5kNGg,109590,1541445726,push,58.93,4.52,1865,119
154,mozilla-inbound,firefox,R1pfnloFQbm8-FxjLUKPIA,109591,1541449554,push,56.81,4.49,1897,154
155,mozilla-inbound,firefox,F5DcKCstQOqXv_s8Mcf-YQ,109592,1541452464,push,15.09,3.11,251,36
156,mozilla-inbound,firefox,DF4wAB2STU--7klflJXKAA,109593,1541454862,push,33.31,6.31,629,115
157,mozilla-inbound,firefox,WAyPAZ5XRvarcvl7tSd0rg,109595,1541459785,push,60.24,4.82,1977,133
158,mozilla-inbound,firefox,XoQTWcWzTCmLkR40c4_V_Q,109596,1541462702,push,3.29,1.01,532,35
159,mozilla-inbound,firefox,PuzfLCV5SwOQ5eVkJBvodQ,109597,1541463227,push,27.72,3.09,529,35
160,mozilla-inbound,firefox,WMW6pqhHTR2vKu4A9e2bbw,109598,1541472844,push,69.82,4.65,2229,135
161,mozilla-inbound,firefox,FS6Xi_4qSCm2uHY5M-bYmg,109600,1541481162,push,55.45,4.1,1970,133
162,mozilla-inbound,firefox,C43AhDP9Tei3ilfco4tmlg,109601,1541482382,push,2.23,0.03,54,8
163,mozilla-inbound,firefox,Z-MO82eCSdGkikmGxts3gw,109602,1541490818,push,56.35,4.19,1973,98
164,mozilla-inbound,firefox,aQvc2MhBQo6dvrdGe6VwtA,109603,1541498685,push,74.1,6.75,2303,180
165,mozilla-inbound,firefox,D70Po30rSU6HRdL4WQck_Q,109604,1541499129,push,15.81,3.67,299,68
166,mozilla-inbound,firefox,NuI6qBlsRa6mKAJgHzCKdQ,109606,1541507795,push,61.56,4.76,1963,100
167,mozilla-inbound,firefox,Ml3Z--XAQtKqF1SKlcbzXA,109607,1541508839,push,18.72,3.18,286,35
168,mozilla-inbound,firefox,YkG-UHfzQKej1Mw4n0KAVw,109608,1541512157,push,18.28,3.02,289,35
169,mozilla-inbound,firefox,XphAkHa_TXKcY7zsHwGivw,109609,1541514029,push,28.28,3.47,572,70
170,mozilla-inbound,firefox,ap0KhKEKSaa9IXBgkNhZDA,109610,1541515409,push,56.66,4.43,1969,133
171,mozilla-inbound,firefox,Pcl3cAuMQDui7vYb7ewOCw,109611,1541516886,push,18.04,2.94,286,35
172,mozilla-inbound,firefox,Dth97zfoTO6HkbuhdLL2aA,109612,1541519503,push,15.18,3.33,308,68
173,mozilla-inbound,firefox,eJjHOOcWSoSZD3AmyBfAJw,109613,1541520619,push,15.58,3.22,325,68
174,mozilla-inbound,firefox,Omb4yfo4QIa8wMXUnYon1g,109614,1541522410,push,16.4,3.6,332,68
175,mozilla-inbound,firefox,WUwI2lx_T-K8XNjhQsFyqg,109615,1541523470,push,58.51,4.73,1971,133
176,mozilla-inbound,firefox,cDglFubeSJmUyp5w2wUaXQ,109616,1541523566,push,14.31,2.72,270,33
177,mozilla-inbound,firefox,NH4z0nJYQ3iIhocFLm--7A,109617,1541524512,push,19.01,3.66,334,71
178,mozilla-inbound,firefox,IpZTUh4cSr6yMuPAIQVHIA,109618,1541525670,push,27.63,3.05,535,35
179,mozilla-inbound,firefox,e2ATar25RuakdgC63vLWPQ,109619,1541526328,push,15.29,3.13,305,68
180,mozilla-inbound,firefox,NwmdUCrXQbyMBoYyXCi5OQ,109620,1541526564,push,56.1,4.09,1976,103
181,mozilla-inbound,firefox,V2Y_FCimTAWJZ2xWkQNtFA,109621,1541527361,push,27.24,2.78,535,35
182,mozilla-inbound,firefox,JDVkdRgaTcOr6rCmmkQAEg,109622,1541529772,push,0.62,0.2,271,33
183,mozilla-inbound,firefox,ZdGB6vohT7GUmNVCsLLqJw,109623,1541530031,push,14.26,2.63,278,33
184,mozilla-inbound,firefox,c36QyrGUTf6uyUa7OSTX7Q,109624,1541531517,push,3.03,0.02,54,8
185,mozilla-inbound,firefox,SFHZQu7hRAymoZHr187xlg,109625,1541531670,push,68.98,4.4,2236,135
186,mozilla-inbound,firefox,PomG2qgbQIaHEyP_9UBXZg,109626,1541533425,push,15.78,3.05,278,33
187,mozilla-inbound,firefox,dHFUnZd6Rymvd90gVfvJEQ,109627,1541543511,push,60.45,5.09,2001,141
188,mozilla-inbound,firefox,NUgXeMRIT2KNCWNBafF2_A,109628,1541543681,push,18.3,2.93,292,38
189,mozilla-inbound,firefox,OG8JdvcbTVa0puTpg4YwSA,109629,1541543747,push,17.21,4.0,311,71
190,mozilla-inbound,firefox,QERXepa4RmyPR6GYBpEp7w,109630,1541546162,push,59.15,4.73,2010,133
191,mozilla-inbound,firefox,MVId-fbiTJyjkaCmRAyOZA,109631,1541547974,push,14.59,2.93,269,33
192,mozilla-inbound,firefox,TE_dasPWT9WGsRspzTRzSA,109632,1541548176,push,67.98,4.72,2225,133
193,mozilla-inbound,firefox,BTEL2pi2TxedqQbhiVlg5g,109633,1541562784,push,57.17,4.37,1946,103
194,mozilla-inbound,firefox,QJMecJy1S-uG7fLvMF7xKA,109634,1541571283,push,70.37,4.32,2200,100
195,mozilla-inbound,firefox,CUyx-qhAQUWacPpoFiUCBg,109635,1541577482,push,56.39,4.11,1935,98
196,mozilla-inbound,firefox,K44aepB0T1ueUqfiH717tA,109636,1541584815,push,74.55,7.21,2280,163
197,mozilla-inbound,firefox,GtOkfxhuT2qFfcbB4dHGzQ,109637,1541585767,push,15.0,2.85,275,33
198,mozilla-inbound,firefox,YlAdlf__Sf-kD2IilGohkw,109638,1541587580,push,27.4,2.76,535,34
199,mozilla-inbound,firefox,J921z4A6T9-QXh2oNMAd8g,109639,1541588155,push,15.06,3.34,310,67
200,mozilla-inbound,firefox,Clz9lwxuShC6kp4SAmTbfw,109640,1541589192,push,56.54,3.9,1952,98
201,mozilla-inbound,firefox,E8dzSkUBSjq-KMCHAz43wQ,109641,1541590139,push,14.59,2.8,280,32
202,mozilla-inbound,firefox,U-OMi7R7RiCwlSwYBChk_w,109643,1541597944,push,15.38,2.83,274,32
203,mozilla-inbound,firefox,cK5nMluOQiqYVkx_-ZukMw,109644,1541598410,push,16.02,3.26,274,32
204,mozilla-inbound,firefox,Yhc4NrV9R46tyc_dfRPKRA,109645,1541601993,push,65.31,6.95,2052,164
205,mozilla-inbound,firefox,MOuWn8RbTTSopyRp5PtQ6g,109646,1541603553,push,15.11,3.08,273,32
206,mozilla-inbound,firefox,Ld4v0Ja4SgKAJvQqC-b6Jg,109647,1541606613,push,28.51,3.5,575,69
207,mozilla-inbound,firefox,I3Ocqv8BSveZY7MrxRPZuA,109648,1541607420,push,14.81,2.88,273,32
208,mozilla-inbound,firefox,XkFufTiuSMKgROamErRiXw,109649,1541607782,push,31.14,4.13,588,70
209,mozilla-inbound,firefox,AKKgBDPIQfCR5frAFvvSdQ,109650,1541610220,push,19.49,1.01,365,27
210,mozilla-inbound,firefox,EhUoRaQHTQ2c_YyAdXjMWQ,109651,1541610680,push,16.44,3.64,309,67
211,mozilla-inbound,firefox,Q94sxD2KTd-on5olOVJnBA,109652,1541611078,push,19.24,3.39,294,35
212,mozilla-inbound,firefox,Ta43rRPwRauiaSrnWds-qg,109653,1541614732,push,61.0,4.76,2000,135
213,mozilla-inbound,firefox,NGU8d60eSJeXmx8nJpecAw,109654,1541615150,push,19.31,3.09,316,34
214,mozilla-inbound,firefox,PI8gpwQERKWcJcUVO3irnQ,109655,1541617279,push,57.21,4.36,1951,98
215,mozilla-inbound,firefox,fsWhKxpoSvmoL57jAzvvVw,109656,1541617581,push,19.0,2.99,294,34
216,mozilla-inbound,firefox,KNy5oiHgSy-9m5h0MOQFOQ,109657,1541618764,push,14.52,2.76,274,32
217,mozilla-inbound,firefox,AxyewX6BR9WG3yWp-sT-Mg,109658,1541620378,push,14.96,2.77,273,32
218,mozilla-inbound,firefox,Wcg0z1PqSr-3Lfkaw9vgQw,109659,1541625461,push,58.39,4.89,1969,133
219,mozilla-inbound,firefox,U7NWgHtWRxSLUQq82gmpBw,109661,1541627783,push,32.77,4.84,633,105
220,mozilla-inbound,firefox,GYGI1irgQ6i2ZUYBSMfSpQ,109662,1541634523,push,57.51,3.06,1936,92
221,mozilla-inbound,firefox,KiWlxeXNRyC_TeW8mV2RzA,109663,1541634645,push,15.68,2.0,280,26
222,mozilla-inbound,firefox,SSQC_DagTsmlPicurlnnug,109664,1541635762,push,16.07,2.12,261,26
223,mozilla-inbound,firefox,I9vy5Tr2Sk-zzTC1WP-_Rw,109665,1541636058,push,58.58,3.18,1936,92
224,mozilla-inbound,firefox,C81oIOS8Tay_CbBbglayGA,109666,1541636723,push,2.51,0.02,51,7
225,mozilla-inbound,firefox,b60Ey3_0QzOUK98Nrg2TqA,109667,1541638786,push,28.61,2.26,529,28
226,mozilla-inbound,firefox,SwrHgx9RR06SVtAJgTymJw,109668,1541639796,push,15.73,2.6,301,61
227,mozilla-inbound,firefox,asb7TRn6SDaQWTpOcpTu5g,109669,1541641808,push,19.94,2.11,320,29
228,mozilla-inbound,firefox,C9253RfBTNC3rNrLs967jQ,109670,1541641857,push,62.48,3.15,1952,94
229,mozilla-inbound,firefox,BQaj-UUSS-27niDqYnv0zQ,109671,1541646023,push,63.21,3.78,2028,129
230,mozilla-inbound,firefox,CB__H8Z3TNiaHuv7tgCanA,109672,1541646148,push,15.35,2.02,269,26
231,mozilla-inbound,firefox,H6kBIW-zTXury6IMh-pYFw,109673,1541652996,push,72.96,4.18,2271,142
232,mozilla-inbound,firefox,Cb7WrZj5TAiTePh9V5xxtw,109674,1541654313,push,15.28,2.29,318,61
233,mozilla-inbound,firefox,WJmOgnlVRBWrVvLM5A30vA,109675,1541655130,push,67.61,3.71,2225,127
234,mozilla-inbound,firefox,QWj5Tf_QS7eG3rPi_QTOyw,109676,1541659545,push,59.45,4.49,1997,140
235,mozilla-inbound,firefox,T1T4lNNbTTGCnswWFnqTkw,109677,1541665248,push,68.03,4.51,2096,102
236,mozilla-inbound,firefox,ATUYaCPpTBOdKBoKMeo3gQ,109678,1541665263,push,20.15,2.16,302,29
237,mozilla-inbound,firefox,GwtrXc-WS5mLOpt6Petpsg,109679,1541673939,push,70.36,3.58,2238,129
238,mozilla-inbound,firefox,dB_LCEKeTMOKBEksj8TERw,109680,1541674215,push,60.34,3.32,1957,95
239,mozilla-inbound,firefox,QnF7OammTfmEvfxsV5KgZg,109681,1541682369,push,72.45,3.2,2201,94
240,mozilla-inbound,firefox,FbdgDO4-RK6R3ZgWeN_UPQ,109682,1541684004,push,15.35,2.47,316,61
241,mozilla-inbound,firefox,dia15irpRLGNLr8C2Xa1Ow,109683,1541686763,push,20.2,2.23,300,28
242,mozilla-inbound,firefox,QhMgziRJSAuzx3YQWmeA9A,109684,1541688632,push,15.97,2.5,316,61
243,mozilla-inbound,firefox,fmmJoqopQ3KnpWLChwHKzg,109685,1541688885,push,58.97,3.76,1971,127
244,mozilla-inbound,firefox,O3K-dlpsQHyFD0GxvCEtvw,109686,1541689837,push,29.48,2.1,546,28
245,mozilla-inbound,firefox,IR2Vw8h1Rm2HPfkKkjRuFg,109687,1541691046,push,15.49,2.02,283,26
246,mozilla-inbound,firefox,W98fEzJOTIq9H96C70od8A,109688,1541691431,push,30.73,2.8,587,63
247,mozilla-inbound,firefox,QUCP1OLPSZuTTc0IJXpsKg,109689,1541694035,push,16.73,2.66,320,61
248,mozilla-inbound,firefox,HMsy9ED9Tj-rwXC49ZVPtQ,109690,1541695185,push,57.74,3.6,1975,127
249,mozilla-inbound,firefox,FoNwrR35RcC1uotmq4Ht7Q,109691,1541695777,push,16.18,2.37,320,61
250,mozilla-inbound,firefox,L1QmR4bCRBiQgYkfcYiljg,109692,1541696450,push,16.03,2.6,333,64
251,mozilla-inbound,firefox,GyRzuO0VS-u8vRZO6_-vlw,109693,1541699488,push,15.68,2.47,320,61
252,mozilla-inbound,firefox,Vg00HIwqTSmU2DRao_sEhg,109694,1541701836,push,15.44,2.41,320,61
253,mozilla-inbound,firefox,QWwm6xIFRqaiiyFMCPGMww,109695,1541704614,push,65.57,5.41,2056,164
254,mozilla-inbound,firefox,N9BpCi48SbeHOTvLiSCvaA,109696,1541704796,push,28.92,2.17,558,28
255,mozilla-inbound,firefox,OUHc2bGgQbqqS-JJ17QeNw,109697,1541704973,push,15.65,2.08,294,26
256,mozilla-inbound,firefox,fxGwDeNtR36atxdyxVJReg,109698,1541705121,push,16.34,2.04,287,26
257,mozilla-inbound,firefox,J7BuHfcvT9m1hhjfqsh8mg,109699,1541706186,push,20.5,3.08,378,89
258,mozilla-inbound,firefox,bitGjeAFS4KWNTmYtgrfLQ,109700,1541709874,push,57.12,3.68,2001,127
259,mozilla-inbound,firefox,Ovi3zLH3Q_GXuP7RxaR9mw,109701,1541709950,push,15.93,2.35,324,61
260,mozilla-inbound,firefox,XfkIxPmLTT6z0QG7gv59SQ,109702,1541710341,push,16.31,2.12,303,26
261,mozilla-inbound,firefox,EPVtUnLKROyjnnq3Yma_0A,109703,1541710680,push,16.91,2.7,324,61
262,mozilla-inbound,firefox,VnnVbjV7S0m676Z6wQ2w1Q,109704,1541711756,push,18.16,3.3,321,61
263,mozilla-inbound,firefox,VoABe2IRQzeIu6URAV8Pcw,109705,1541715712,push,74.37,4.27,2297,129
264,mozilla-inbound,firefox,AdkT6amMR-WPAp469ojnQw,109706,1541718469,push,28.63,2.01,582,28
265,mozilla-inbound,firefox,L_70VuCDTLGZ0YYqHyDg3w,109707,1541721899,push,66.3,3.65,2251,127
266,mozilla-inbound,firefox,VLdeJ3QoSnS_tMO_IGijvA,109708,1541724995,push,30.36,2.55,559,28
267,mozilla-inbound,firefox,VOwcCQpyT7mOIxfW03nNnw,109709,1541728649,push,63.9,4.62,2043,141
268,mozilla-inbound,firefox,d80Bh5wgSxu_Tm0KHS3JPQ,109710,1541729331,push,59.18,3.86,1994,127
269,mozilla-inbound,firefox,Bn4X6D_XSmyxTX17DC00bA,109711,1541732495,push,29.78,3.46,600,75
270,mozilla-inbound,firefox,F9TcveyoQYmkqg2dupiz-g,109712,1541733303,push,20.59,3.41,351,75
271,mozilla-inbound,firefox,e0K7jEeERCOacS-2yv_Giw,109713,1541733585,push,15.6,2.03,288,26
272,mozilla-inbound,firefox,S2jQqqslTPqrW5kZ8LmwHA,109714,1541733767,push,16.64,2.67,325,61
273,mozilla-inbound,firefox,bAaH92ToTI2gTPDcw-NMeQ,109715,1541733969,push,61.76,4.03,2002,127
274,mozilla-inbound,firefox,DrdScqvgQPuppnD1S6ursw,109716,1541738034,push,68.46,5.26,2040,141
275,mozilla-inbound,firefox,Ap6dE8fISWq0i3PKHqISQA,109717,1541739369,push,2.39,0.01,53,7
276,mozilla-inbound,firefox,BlYKyM8_QRyXNqWaa-Zk4w,109718,1541742556,push,32.18,4.75,634,103
277,mozilla-inbound,firefox,QG5-yFToTkOdqkrPU8iSQw,109719,1541744757,push,68.68,3.9,2271,129
278,mozilla-inbound,firefox,aZuYy18MRrSkXP_SFgTedA,109720,1541753703,push,71.2,3.42,2227,94
279,mozilla-inbound,firefox,cuB5_y5GQdSap5nzfBvyow,109721,1541754689,push,15.4,2.22,279,26
280,mozilla-inbound,firefox,SUXPq_PcR7Sr-PzqhQFakQ,109723,1541759761,push,14.57,2.06,277,26
281,mozilla-inbound,firefox,JRuEKIN2SgSrrkDNqDqtZg,109724,1541759927,push,15.65,2.8,316,61
282,mozilla-inbound,firefox,BRqoAnx5QbmOwQ_oyk-uxQ,109725,1541760311,push,58.29,3.78,1976,127
283,mozilla-inbound,firefox,d4pJxoOYSs6C6aGEiwJt1Q,109726,1541769379,push,57.57,3.11,1941,92
284,mozilla-inbound,firefox,REON1-15TQOSTHTbizt5OA,109727,1541769639,push,14.5,2.1,280,26
285,mozilla-inbound,firefox,MqA4kFEkQRqaPQM8jxcihA,109729,1541771150,push,17.13,2.32,302,26
286,mozilla-inbound,firefox,PzYxgc0WQ6i8z8Ueg5iT8w,109730,1541777410,push,58.34,3.81,1989,127
287,mozilla-inbound,firefox,W1qSuxlfRfiudlCVmokzHg,109731,1541778387,push,29.28,2.32,566,28
288,mozilla-inbound,firefox,MPVTyW6ySsuaroO207k4-A,109732,1541778606,push,15.98,2.15,310,26
289,mozilla-inbound,firefox,fKi7D98WQsKt9p-1DNr7sw,109733,1541780320,push,18.21,2.09,301,29
290,mozilla-inbound,firefox,S9YxxHJwQY2i1miUhUYMGw,109734,1541780724,push,14.42,2.0,281,26
291,mozilla-inbound,firefox,UtVfsdS6RlGtXgLwuqY4Tg,109735,1541782805,push,56.55,3.16,1942,92
292,mozilla-inbound,firefox,L4aEMEzRRrKWiXJuJ5lcfQ,109736,1541783284,push,13.51,1.84,276,26
293,mozilla-inbound,firefox,BK-xPTrFSDSJbX6ATFgaDQ,109737,1541783439,push,19.5,3.17,347,75
294,mozilla-inbound,firefox,UmmcrUa4TJWCTHt6FdLmsw,109738,1541784185,push,15.05,2.54,311,61
295,mozilla-inbound,firefox,GEaJKwURQRyRow6V82b3XQ,109739,1541784347,push,15.98,3.26,331,77
296,mozilla-inbound,firefox,MQcSK7ICSy2jdtB7RO0NFw,109740,1541784576,push,56.57,3.76,1975,127
297,mozilla-inbound,firefox,Tn_RCEBSQfu6k-LI_t5T6Q,109741,1541785272,push,28.0,2.11,545,28
298,mozilla-inbound,firefox,bDf-IAmaTKS5nPZD7VZjYA,109742,1541785662,push,31.15,3.76,637,93
299,mozilla-inbound,firefox,IcEZqDMCQQKdEFdAeMGb2g,109743,1541787051,push,16.86,2.8,330,61
300,mozilla-inbound,firefox,e7WY1wmHTc6OHP7YQJZYIA,109744,1541790135,push,16.01,2.69,327,61
301,mozilla-inbound,firefox,UAMHZs3mSWu2xwcaGkBEfA,109745,1541790284,push,61.13,3.36,1979,94
302,mozilla-inbound,firefox,KjQD4hqXTVmZ2DAbgCdgqQ,109746,1541791861,push,5.17,0.53,96,42
303,mozilla-inbound,firefox,fqde_xa2RUq5DQBqU_aKxA,109747,1541791921,push,15.72,2.75,327,61
304,mozilla-inbound,firefox,LzEf4s9jSTirW4QoNaQymw,109748,1541792377,push,29.25,2.58,558,28
305,mozilla-inbound,firefox,YpRlcHU6RJyrKSvta-ALkw,109749,1541794812,push,15.14,2.13,291,26
306,mozilla-inbound,firefox,VpmWRxZeQ0akSI3OLEBzmw,109750,1541797778,push,59.95,3.37,1955,92
307,mozilla-inbound,firefox,MbVaoNnRQTS6xyZzv3Ow7g,109751,1541804836,push,71.43,3.62,2217,94
308,mozilla-inbound,firefox,Wx4wVtc-TTaDLZ1AJKE9EA,109752,1541806792,push,15.38,2.68,325,61
309,mozilla-inbound,firefox,BOiUh6OsQoGgkHMMfC99tA,109753,1541807290,push,18.5,2.2,308,28
310,mozilla-inbound,firefox,AdFu_fRTSrawzvg_gHArtQ,109754,1541809497,push,30.03,2.99,600,63
311,mozilla-inbound,firefox,Zt5a8_i_SU61oHjQNZAGDA,109755,1541841011,push,68.46,4.36,2283,138
312,mozilla-inbound,firefox,FGeuSjq-R6qKJLJXsEIoSw,109756,1541844366,push,10.1,1.04,141,47
313,mozilla-inbound,firefox,Ab0TbjAcSvOJv4NPpHAvdg,109757,1541848482,push,69.42,5.69,2103,142
314,mozilla-inbound,firefox,bs6CURo8R9a1923P8fT0XQ,109758,1541850707,push,32.03,3.92,613,77
315,mozilla-inbound,firefox,LI21ggMBTRKaUsyx3uu0iQ,109759,1541851048,push,69.19,2.17,2245,115
316,mozilla-inbound,firefox,QQcvYvPrSeyRNSDasnWr0w,109760,1541856097,push,63.02,3.49,1991,95
317,mozilla-inbound,firefox,XtsHws_VSeugoF7oc-NIdQ,109761,1541863863,push,3.49,0.18,378,27
318,mozilla-inbound,firefox,JDnytzxZTv-EdM8Kr1GPjg,109762,1541866199,push,30.79,2.14,2372,127
319,mozilla-inbound,firefox,ducXryQcQuicPXzivMYd4Q,109763,1541866657,push,7.42,1.3,2240,127
320,mozilla-inbound,firefox,W5FCAKVAQiaBxjX9IwHj-g,109764,1541866752,push,67.8,2.07,2248,115
321,mozilla-inbound,firefox,S5JvuKXRSK2x7cyGKry3WA,109765,1541869934,push,61.81,3.92,2043,127
322,mozilla-inbound,firefox,P03G1SvoQD2jlwtbLP0e0g,109766,1541871834,push,14.68,2.08,294,27
323,mozilla-inbound,firefox,f17gGpuJQLKG0U9UTQRqlA,109767,1541873585,push,67.43,3.94,2264,127
324,mozilla-inbound,firefox,JSUQxK9GT_esyR9UM2sXTw,109768,1541882563,push,60.15,3.81,1954,92
325,mozilla-inbound,firefox,B31FXORcQhC1lIS14cYVog,109769,1541886183,push,72.59,4.52,2305,159
326,mozilla-inbound,firefox,VLDhYyAdTFOM-_4K-dYr_A,109770,1541891344,push,57.84,3.39,1960,92
327,mozilla-inbound,firefox,PI65Mf2iQwCv36tuYo5z0Q,109771,1541900041,push,57.94,3.33,1970,92
328,mozilla-inbound,firefox,L3juYdPHR-qDa13GFyjIJw,109772,1541900546,push,68.68,4.0,2256,130
329,mozilla-inbound,firefox,dGxbWw-LRKi9p5pNNMMxEw,109773,1541929624,push,62.41,4.48,2055,173
330,mozilla-inbound,firefox,BYXoBPikQy2_n2PqGPTYgg,109774,1541934242,push,58.98,3.71,1999,127
331,mozilla-inbound,firefox,BYsCJI63Q52JklVnXGf70A,109776,1541961591,push,56.59,3.89,1985,127
332,mozilla-inbound,firefox,TUZIHI53SBy9IyIzhpxArQ,109777,1541973082,push,57.39,3.94,1991,127
333,mozilla-inbound,firefox,adfl6mIPSWiqkKJbyWO62g,109778,1541985315,push,58.21,3.46,1962,92
334,mozilla-inbound,firefox,bJjTmBRrT3W37oUXUaa6fw,109779,1541986604,push,14.37,2.16,296,26
335,mozilla-inbound,firefox,FmMAedM0T_CbANTbE6Gwcw,109780,1541995404,push,61.9,3.44,2000,95
336,mozilla-inbound,firefox,FncCVhfXQJme-6TTQgjozw,109781,1542001005,push,62.46,3.47,1992,95
337,mozilla-inbound,firefox,INRkOGXSS--NGnQarEB5Yg,109782,1542015845,push,70.53,3.8,2269,130
338,mozilla-inbound,firefox,DbHZXGxRTuOubHGJzNKusg,109783,1542017863,push,28.84,3.53,616,76
339,mozilla-inbound,firefox,CG6transQ2eXVKLHJtm1HQ,109785,1542019939,push,58.97,4.12,2020,127
340,mozilla-inbound,firefox,bd6mMOpnSPGN_eWfojI0aA,109786,1542023980,push,58.23,3.5,1950,92
341,mozilla-inbound,firefox,c04sI4QCRmWgKR2qxnn4_Q,109787,1542026230,push,16.99,2.84,333,61
342,mozilla-inbound,firefox,CDPYXbbySDCRc4b9OnWJpw,109788,1542026888,push,16.16,2.74,333,61
343,mozilla-inbound,firefox,RPtWcyRmTtCoTA_G4-0Bmw,109789,1542030300,push,16.04,2.55,331,61
344,mozilla-inbound,firefox,dJo-rY75S2GR5zEgAOypNw,109790,1542030623,push,20.63,1.78,426,63
345,mozilla-inbound,firefox,BDQngKaMSwWMbY629yZ24w,109791,1542034082,push,15.55,2.66,330,61
346,mozilla-inbound,firefox,CyUkNCsFQ9KtFaTFQlI6nw,109792,1542036071,push,15.57,2.1,294,26
347,mozilla-inbound,firefox,G7l2WEvrQD6655Z9gAcJJw,109793,1542037684,push,9.08,0.25,101,11
348,mozilla-inbound,firefox,QPN9l7auSU6gnegUF1HBgA,109794,1542039097,push,15.79,2.16,293,26
349,mozilla-inbound,firefox,E8_sok0bQ2OlvvXbi3FejA,109795,1542043403,push,62.62,5.11,2048,159
350,mozilla-inbound,firefox,ULwmTYVSQs-8KsAuokOUbw,109796,1542044508,push,16.13,2.41,291,26
351,mozilla-inbound,firefox,BWuRWH1DSGWamj7vWR448Q,109797,1542044861,push,16.07,2.3,294,26
352,mozilla-inbound,firefox,TD2Xcdf7TAaww0mDuqeslw,109798,1542059797,push,62.16,4.07,2018,133
353,mozilla-inbound,firefox,JZHDmBi4RRKMt1sTYhGx5w,109799,1542059923,push,16.74,2.16,294,26
354,mozilla-inbound,firefox,JqEohp8PSwajoiVCCr3Htg,109800,1542060591,push,59.26,3.94,1996,127
355,mozilla-inbound,firefox,Mx6dy1pGSbG1oLXxFUBXOw,109801,1542069260,push,71.5,3.57,2239,95
356,mozilla-inbound,firefox,CD-v4AlRTWe-ltMcqksIvQ,109802,1542072314,push,28.91,2.3,561,28
357,mozilla-inbound,firefox,IwDIL-2CQlK9ZUyPgOvTXA,109804,1542073361,push,29.19,2.53,561,28
358,mozilla-inbound,firefox,HtbmBNgTRFWC4FH8JEw1cA,109805,1542073906,push,71.24,3.29,2215,94
359,mozilla-inbound,firefox,DrLrmfQnRf6y1FTTXrrabQ,109806,1542083047,push,71.49,3.57,2217,95
360,mozilla-inbound,firefox,AUY4GLJWTrizbWC2P_hr0g,109807,1542083656,push,31.09,3.36,620,67
361,mozilla-inbound,firefox,QwC6u5KPTJqcbBWXgrVIig,109808,1542099116,push,59.46,4.12,2000,127
362,mozilla-inbound,firefox,d6j2qBStRO6dVODVYc5CMA,109809,1542105183,push,76.22,3.63,2227,94
363,mozilla-inbound,firefox,QV4QYOHCRAaIvfc_4vg5mA,109810,1542110237,push,69.28,3.37,2215,94
364,mozilla-inbound,firefox,Sw7bBvVgTq27ixCBPRXp-g,109811,1542117507,push,57.02,3.39,1976,92
365,mozilla-inbound,firefox,e-JKq7NiSKeQM8VEF3QUCA,109812,1542117719,push,15.02,2.15,293,26
366,mozilla-inbound,firefox,RiMT1YL6Tx6ISwKD-M3kEA,109813,1542121368,push,56.07,3.29,1960,92
367,mozilla-inbound,firefox,TPLsPVWuQZ-65S9ZbUQRzA,109814,1542123071,push,15.95,2.65,331,61
368,mozilla-inbound,firefox,Cf6r16fGSWGF6fzr95NlLw,109815,1542123968,push,56.76,3.63,1986,127
369,mozilla-inbound,firefox,NANy7Do3RgWEPDZ8H3S7Ag,109816,1542124166,push,15.72,2.78,332,61
370,mozilla-inbound,firefox,C_kWUJGoRGu-zihCk1uyfQ,109817,1542125451,push,10.28,1.84,310,26
371,mozilla-inbound,firefox,Zu_DVgeCTYC-VqiQ3FXmLQ,109818,1542126576,push,14.74,2.1,294,26
372,mozilla-inbound,firefox,RIw2X4vXQN6B5TOHgGaq1w,109819,1542126904,push,32.1,5.14,632,89
373,mozilla-inbound,firefox,Ws3qGFykSyCLq4ulvtfbjQ,109820,1542127202,push,58.19,3.92,2051,127
374,mozilla-inbound,firefox,bs8OwDSQQY2Hp0QjGQXJ9w,109821,1542127650,push,15.14,2.27,293,26
375,mozilla-inbound,firefox,QuKbXmHvQEOCplV4J31igA,109822,1542128854,push,28.77,2.66,603,63
376,mozilla-inbound,firefox,cbVdogyDQq6DwLBzedVX5w,109823,1542130253,push,14.95,2.33,296,26
377,mozilla-inbound,firefox,enNIyp-AQAK5XQdCH-tfdA,109824,1542132573,push,15.75,2.62,331,61
378,mozilla-inbound,firefox,Fkwke2INSWWALkzNjENE5w,109825,1542135780,push,58.21,4.15,1994,127
379,mozilla-inbound,firefox,ECKDHq4qTtqFE1_hfUndQg,109826,1542136460,push,28.89,2.27,563,28
380,mozilla-inbound,firefox,A-2Ehm3CRBib4oak_j6GTQ,109827,1542137874,push,15.48,2.35,296,26
381,mozilla-inbound,firefox,Fm5dU5FkQwaQuAdfV6AIyA,109828,1542139560,push,28.98,2.67,598,63
382,mozilla-inbound,firefox,A2h-TPRnSemaaQjZbU7I9Q,109829,1542143655,push,72.67,3.45,2223,94
383,mozilla-inbound,firefox,cYVLWyddSqWP1q4OPT5iPA,109830,1542144329,push,79.21,9.46,2223,94
384,mozilla-inbound,firefox,JrLeWSZsRg6f5elu9gzSFw,109831,1542146193,push,15.79,2.15,298,26
385,mozilla-inbound,firefox,fZZFB38zQxaWDMz4MtThKA,109832,1542146890,push,28.43,2.52,563,28
386,mozilla-inbound,firefox,LBuhxBkpSLeiHF5QNGlTkQ,109833,1542149795,push,15.26,2.02,298,26
387,mozilla-inbound,firefox,LmrjWi7yTOGWoCQ16TgAmQ,109834,1542163248,push,60.15,3.2,1966,92
388,mozilla-inbound,firefox,ZS1WJMTiRVCtRlvif1lDSg,109835,1542164754,push,55.49,3.44,1951,93
389,mozilla-inbound,firefox,USKaRUSlTnG-YwGybKHS-Q,109837,1542168049,push,28.9,2.87,602,64
390,mozilla-inbound,firefox,JyrK9yXlTsWaq45RA9uXnQ,109838,1542173787,push,72.78,3.59,2241,96
391,mozilla-inbound,firefox,Qb-gb8LgRpSku_Q2PKS3nw,109839,1542189666,push,74.65,6.15,2306,159
392,mozilla-inbound,firefox,OComQAA5RfuqI_sEM7CEpA,109840,1542192215,push,59.77,3.42,1957,96
393,mozilla-inbound,firefox,bHk_AAfpR164QjUW1YJ2BQ,109841,1542192507,push,28.39,2.77,599,63
394,mozilla-inbound,firefox,GeHvpBU-StW5-WdMSpvNfg,109843,1542198995,push,76.03,4.22,2268,133
395,mozilla-inbound,firefox,E0Nu7BBSSlKsGSv7s9PT1w,109844,1542199448,push,30.88,3.03,599,63
396,mozilla-inbound,firefox,LXiEdG_8SaK0TFngE6E6WQ,109845,1542200242,push,57.87,3.94,1985,127
397,mozilla-inbound,firefox,DxESPP-TQ-Oejj4NA_NjZA,109846,1542201846,push,15.69,2.42,294,26
398,mozilla-inbound,firefox,VsPzWadKSEaSouhw6kpq3Q,109847,1542202980,push,11.35,2.58,168,69
399,mozilla-inbound,firefox,ES4unco_SF6juqP0aFVEPg,109848,1542203070,push,15.27,2.34,307,26
400,mozilla-inbound,firefox,UU6FfZHqSMCd94U-JRzE4g,109849,1542203245,push,15.61,2.75,332,61
401,mozilla-inbound,firefox,Ercihh0STJWDe_jZT5JKsw,109850,1542205247,push,57.54,3.86,1998,125
402,mozilla-inbound,firefox,RY-CfuLBT7ye5prrP9rgcw,109851,1542206711,push,8.86,0.26,110,11
403,mozilla-inbound,firefox,QT00F1vHSMefN_IILvdwjw,109852,1542207325,push,15.41,2.11,298,26
404,mozilla-inbound,firefox,IYNLKFQOTOm7HTo5UxPJdg,109853,1542207585,push,15.32,2.58,335,61
405,mozilla-inbound,firefox,WA6d2a9VSk-Oeit66SC-mA,109854,1542207720,push,15.08,1.97,295,26
406,mozilla-inbound,firefox,BiR_N724RMmgE3JAm7tfaw,109855,1542212159,push,58.26,3.82,1973,90
407,mozilla-inbound,firefox,KZ_gyX2vQr2x_3fhiwBEIA,109856,1542212213,push,16.12,2.22,297,26
408,mozilla-inbound,firefox,IihRhDmATE6YQn_FaHHzjg,109857,1542212425,push,16.01,2.18,295,26
409,mozilla-inbound,firefox,JAvIBsBmSY6l-kNV27Hppw,109858,1542214711,push,15.39,1.99,295,26
410,mozilla-inbound,firefox,LzgydkBFQkWfUbvkoExpdw,109859,1542216587,push,16.38,3.29,350,77
411,mozilla-inbound,firefox,OgCf39XXQR6HcgnA3MWccg,109860,1542219638,push,18.98,0.96,374,27
412,mozilla-inbound,firefox,Kt4v3S_NRRqAvCKrVmc9KA,109861,1542222084,push,64.25,3.93,2239,125
413,mozilla-inbound,firefox,XivLEv_0Tj-uYwGcj1qzRA,109862,1542222216,push,22.18,4.05,372,76
414,mozilla-inbound,firefox,KykVIqJaR8OGd87gZh9DDA,109863,1542222668,push,16.97,2.88,348,61
415,mozilla-inbound,firefox,a3ddEHXwT3yjg55XFCX0JA,109864,1542228889,push,58.39,3.67,1950,90
416,mozilla-inbound,firefox,Py6vR98TQVq_qp6-x9nCNw,109865,1542230221,push,57.24,3.44,1958,90
417,mozilla-inbound,firefox,LGqb9VRJQ4SakDbbjphh-A,109866,1542230442,push,17.28,2.76,335,64
418,mozilla-inbound,firefox,HqBSlrTMSNuRBKqf3eofCw,109867,1542231693,push,15.73,2.26,297,26
419,mozilla-inbound,firefox,eE8Fj6f_SUWHXrM061EDGQ,109868,1542232128,push,16.35,2.65,334,61
420,mozilla-inbound,firefox,TT3iwts1Qf6ubkPVeE2Emg,109869,1542233740,push,16.4,2.18,304,26
421,mozilla-inbound,firefox,EoOhSMn-SD6jxXuLJhEJug,109870,1542235131,push,74.59,4.98,2315,170
422,mozilla-inbound,firefox,XpAzVvXFQ7ORRHn5vb48xg,109871,1542236174,push,29.72,2.41,565,28
423,mozilla-inbound,firefox,PvG8JaPZQeOAtCDcQ42FEg,109872,1542236348,push,21.58,3.43,358,63
424,mozilla-inbound,firefox,ALyrvDy_Qc-eRfH00LgAfQ,109873,1542237385,push,17.32,2.32,303,26
425,mozilla-inbound,firefox,VIrGyDgMTuegH0kVUYeTNw,109874,1542238736,push,30.4,2.4,568,28
426,mozilla-inbound,firefox,U-x0pHQvQLCq3AYy2QM8uQ,109875,1542239992,push,20.14,0.94,380,27
427,mozilla-inbound,firefox,To_q5NFVQ2O6nPJpmJGHnA,109876,1542243197,push,16.57,2.58,340,61
428,mozilla-inbound,firefox,OtYJNmhHQLi19AP_NwEB5A,109877,1542246587,push,15.39,2.18,303,28
429,mozilla-inbound,firefox,Os_ia25nSza-jKDnfhHOQg,109878,1542246818,push,16.16,2.32,307,26
430,mozilla-inbound,firefox,O52holeDTMmfuMvz4QH5uQ,109879,1542246976,push,65.72,4.1,2246,125
431,mozilla-inbound,firefox,EZT4J5cESZ6aVPi2TbaVpg,109880,1542275859,push,75.85,6.57,2343,186
432,mozilla-inbound,firefox,TH5nQH-rTS6InIWTbXj8bw,109881,1542277032,push,21.16,3.09,354,63
433,mozilla-inbound,firefox,AYlwUNenQf2yPm-9V5kPdg,109882,1542282109,push,57.74,3.51,1961,95
434,mozilla-inbound,firefox,NM9oGX4MTJajOVEp7kIPNw,109883,1542282901,push,16.3,2.7,334,61
435,mozilla-inbound,firefox,CJ--0qyzQtmcgOkXxic95A,109884,1542283234,push,28.26,2.15,563,28
436,mozilla-inbound,firefox,ROLi7MoFSO28gyEPjkNVkg,109886,1542289500,push,16.42,2.3,306,26
437,mozilla-inbound,firefox,BMX20oTpRbik1Ti8Xd5Lsw,109887,1542290179,push,16.61,2.8,343,61
438,mozilla-inbound,firefox,Rie7v10zSKiuu6w61g9Vfw,109888,1542292778,push,8.72,0.26,102,11
439,mozilla-inbound,firefox,OWz9VZ5ATBGSZRMnIKic4w,109889,1542294180,push,16.96,3.54,356,74
440,mozilla-inbound,firefox,XiI-xbfWRBOV7bpEohDhpg,109890,1542294491,push,58.53,4.13,1991,126
441,mozilla-inbound,firefox,H4DikwfASyuZ0a_Ecvw1kg,109891,1542297122,push,31.55,3.01,602,63
442,mozilla-inbound,firefox,X5tiL7GlRGeZ1BX1_K9DVA,109892,1542298337,push,16.04,2.32,300,26
443,mozilla-inbound,firefox,Xev3LAE7SOOLDzJVO_wJhw,109893,1542298971,push,32.47,4.88,640,90
444,mozilla-inbound,firefox,QQ8y5vumSNaZsyEfUXs3Bg,109895,1542300659,push,57.53,3.67,1955,90
445,mozilla-inbound,firefox,U_MsNw0QQg23VTIZ2Btdyg,109896,1542301381,push,15.74,2.63,335,61
446,mozilla-inbound,firefox,FlQu0lruQd-2GuL4G8ulBw,109899,1542304798,push,15.82,2.61,333,61
447,mozilla-inbound,firefox,dDr8ed_9RDK1OhzR6MM-Ag,109901,1542308218,push,16.22,2.65,332,61
448,mozilla-inbound,firefox,KZA-WVedQtOSN-vqgp0ATw,109902,1542311266,push,20.78,3.15,364,64
449,mozilla-inbound,firefox,OmFYObscQ7Knsr4YkzRHow,109903,1542314905,push,73.56,4.33,2262,134
450,mozilla-inbound,firefox,B1NSU5B3Rm-FkUGlSHU6vg,109904,1542319626,push,57.52,3.92,1993,126
451,mozilla-inbound,firefox,Dvg4rjM_Rm6BProvMZ9TDQ,109906,1542334954,push,58.07,3.3,1950,90
452,mozilla-inbound,firefox,dF5S_oHYQhuBj1y-PMMPqA,109907,1542340513,push,58.41,3.9,1987,125
453,mozilla-inbound,firefox,D5Zki9UWQ9WMcArhO4pC5w,109908,1542343552,push,16.09,2.7,336,61
454,mozilla-inbound,firefox,DYVR2b-RStS2I4CH5Jt56A,109909,1542354255,push,58.63,3.88,1986,125
455,mozilla-inbound,firefox,Wrq0uWKTQOmUXiq2gsBkwQ,109910,1542361969,push,77.84,6.65,2296,156
456,mozilla-inbound,firefox,Y4l53hQeSe6kK-isxFao-A,109911,1542362240,push,17.77,2.94,339,61
457,mozilla-inbound,firefox,JRJQLhoVRo-RCeeSPDgT7Q,109912,1542362371,push,30.14,2.58,567,28
458,mozilla-inbound,firefox,DjQawLasRQOP2mo5okkHlw,109913,1542362494,push,17.47,2.35,303,26
459,mozilla-inbound,firefox,G7p3TIWVR6WrnQStpQhlOQ,109914,1542362705,push,17.11,2.34,302,26
460,mozilla-inbound,firefox,RpCmvZ6AS8iDiushm-t9SQ,109915,1542362764,push,59.57,4.07,1989,126
461,mozilla-inbound,firefox,M6ECP8rsTfKtOx-5WwTOgA,109916,1542365817,push,29.37,2.95,626,63
462,mozilla-inbound,firefox,caU2EkVySyu8CUsrPvzysw,109917,1542366245,push,28.69,2.66,603,63
463,mozilla-inbound,firefox,CaFKx2H3Tsy8XVnaAxoM3A,109918,1542373274,push,59.86,3.22,1950,90
464,mozilla-inbound,firefox,WW0Tmi9ARyuAMGRjjzyLSA,109920,1542379309,push,58.81,3.29,1951,90
465,mozilla-inbound,firefox,C0ZrLJKZQiOjgPbm5Yg3OQ,109921,1542381908,push,15.12,2.54,337,61
466,mozilla-inbound,firefox,IG0M95TYS3yArj8hSA30uA,109922,1542383380,push,14.74,1.96,302,26
467,mozilla-inbound,firefox,eXgpG3N0Tk6g8eKPF18KMg,109923,1542386264,push,30.61,2.92,618,64
468,mozilla-inbound,firefox,brybQioKRh-Z5uGOHw0_jg,109924,1542390966,push,72.96,4.25,2281,129
469,mozilla-inbound,firefox,FYBeKxFlTi2wMWBJlE-zgw,109925,1542391455,push,70.88,3.95,2271,127
470,mozilla-inbound,firefox,A6WL1DNNRrOqGp_PSiM0GA,109926,1542393084,push,15.14,2.11,301,26
471,mozilla-inbound,firefox,Q1M4Of85RP-C_92UWhuUAA,109927,1542397107,push,57.32,3.9,1985,125
472,mozilla-inbound,firefox,NLjPWhRTS6OiMfaB2m6gbQ,109928,1542404406,push,57.73,3.8,1989,125
473,mozilla-inbound,firefox,MEFSsBadT6aN3fRByb6jGw,109929,1542407369,push,21.1,2.92,359,63
474,mozilla-inbound,firefox,LDKMHkWUSWyasTJZav3Mvw,109931,1542445362,push,68.26,4.05,2245,125
475,mozilla-inbound,firefox,S1OHyAhbSXKNs1QIi8ThlQ,109932,1542454532,push,74.24,6.49,2322,182
476,mozilla-inbound,firefox,TOcGMi3dT1qJ8GVNirD3ew,109933,1542463253,push,73.82,3.52,2223,92
477,mozilla-inbound,firefox,Pje73vF9S2KN5-yTqZF2vg,109934,1542469947,push,61.1,4.07,2026,127
478,mozilla-inbound,firefox,Vd6AjpXKSOG59h1KUYuexw,109935,1542481112,push,72.36,3.82,2255,128
479,mozilla-inbound,firefox,e2VscAQ6R9OB4SnC_brddA,109936,1542489512,push,57.65,3.78,1999,125
480,mozilla-inbound,firefox,bhXAHcbDTIe6gZjh2pJ_iQ,109937,1542491027,push,15.55,2.65,343,62
481,mozilla-inbound,firefox,Q1p8dMksQW6PgwzVHBsGbA,109938,1542494356,push,9.06,0.27,103,12
482,mozilla-inbound,firefox,CLJIWbBwR8ymy0RRxfXk0Q,109939,1542495799,push,67.69,3.76,2232,125
483,mozilla-inbound,firefox,Rf22MW6jRDm33JHm3N-FtA,109940,1542540230,push,71.68,4.18,2282,143
484,mozilla-inbound,firefox,QqDKB3pDQGGjsu8GBMmedA,109941,1542577303,push,57.95,3.4,1950,90
485,mozilla-inbound,firefox,blvE19tCSl2nAG9q4dHxzw,109942,1542578379,push,29.82,2.75,604,63
486,mozilla-inbound,firefox,PccBusMsTeai7ij6qJTxxw,109943,1542597371,push,64.05,3.78,1962,90
487,mozilla-inbound,firefox,Wjta5YbNSu2kTmbkbBDPoQ,109944,1542620223,push,71.63,4.06,2261,127
488,mozilla-inbound,firefox,T-fNhchPT9GFbt-VkJ3m6g,109945,1542628064,push,21.45,2.87,450,85
489,mozilla-inbound,firefox,BY2EEQk9SVqf4GSrGGmYcg,109946,1542633651,push,19.99,0.98,400,28
490,mozilla-inbound,firefox,AYppxnUHS7ePyGXbht9oXw,109947,1542635560,push,59.94,3.82,1992,125
491,mozilla-inbound,firefox,FyW1dojCSXKQ9_4cZMSASQ,109948,1542639255,push,60.73,3.82,1972,90
492,mozilla-inbound,firefox,VVC-KRFVQY6GIpgIMIOvNQ,109949,1542639762,push,17.46,2.94,338,61
493,mozilla-inbound,firefox,F1uusfQQQ3uAAGT5QzzrXA,109950,1542640161,push,59.89,4.39,2018,125
494,mozilla-inbound,firefox,H275bjOlQD2qXxjufNQ0WA,109952,1542641621,push,30.95,2.96,611,67
495,mozilla-inbound,firefox,UhqX1KMWRGKVz7ddhFOA-Q,109953,1542644483,push,29.05,2.27,568,28
496,mozilla-inbound,firefox,BheqCyKaQ3OmzQvte6t1eQ,109954,1542647847,push,17.48,2.87,341,61
497,mozilla-inbound,firefox,ZKFiFm-wSU2NijRaYO9VnA,109955,1542648344,push,66.32,4.74,2030,130
498,mozilla-inbound,firefox,N_mHcarsTA-A-M7zPkWBIQ,109956,1542651408,push,17.4,3.03,342,61
499,mozilla-inbound,firefox,Cz8xEPguS3qv-iRGCxS6Nw,109957,1542652694,push,17.1,3.02,339,61
500,mozilla-inbound,firefox,BJqAQKW2SLmd7yauSSzhwg,109958,1542653195,push,9.92,1.65,122,15
501,mozilla-inbound,firefox,XmbB8pFCSzOS7HOaGbJ1AQ,109959,1542653280,push,15.92,2.45,301,26
502,mozilla-inbound,firefox,f284zm0dQfG-tfH98YfvuA,109960,1542653909,push,7.07,1.15,1973,94
503,mozilla-inbound,firefox,Wo6hFmRtSXaRbcswBbRy4w,109961,1542654332,push,16.21,2.32,305,26
504,mozilla-inbound,firefox,Yvdwsr0WS_SVBj4vJiNZsA,109962,1542654759,push,28.96,2.16,570,28
505,mozilla-inbound,firefox,djKgbGYqRDmI9YBc3eP8iw,109963,1542655443,push,19.42,2.22,325,30
506,mozilla-inbound,firefox,HX-Kr5nTTaisgCR3Byi_ng,109965,1542655817,push,57.73,3.39,1967,92
507,mozilla-inbound,firefox,HAre3o2fTsCy2RpP-TrsOg,109966,1542656015,push,20.29,2.8,328,32
508,mozilla-inbound,firefox,H4R48qxfR9GetqhmksfWCg,109967,1542658014,push,17.31,2.8,343,61
509,mozilla-inbound,firefox,WvjiZBeQR_yW5BisE6nm-Q,109968,1542659391,push,16.7,2.2,304,26
510,mozilla-inbound,firefox,TQ8yRuN0TTO_t9hxA8I4Kg,109969,1542659668,push,16.95,2.72,357,61
511,mozilla-inbound,firefox,RXtwJZSUQk6oDreA-2OOEQ,109970,1542660942,push,5.89,1.13,2217,92
512,mozilla-inbound,firefox,f1FYUMlCTD6X1ZoP4dv-BQ,109971,1542661046,push,4.75,1.19,305,26
513,mozilla-inbound,firefox,ZCDW0DwMSiOZ-AGTLz2Zkg,109972,1542661681,push,30.14,2.85,576,31
514,mozilla-inbound,firefox,XqqSr1tQQO2D9esRwXwSGQ,109974,1542663702,push,4.1,0.48,79,40
515,mozilla-inbound,firefox,YQVsIyi9T8a_RWmV0sS-3g,109975,1542664010,push,58.33,3.92,1955,90
516,mozilla-inbound,firefox,WacAdn-UR9-aDdvOOw3G1Q,109976,1542664250,push,21.0,2.59,325,30
517,mozilla-inbound,firefox,Bpw3gNIaTwq0ACigL2oRBw,109977,1542667036,push,32.93,4.07,633,79
518,mozilla-inbound,firefox,GICzbRFsQGiyDETCO_mISg,109978,1542668199,push,18.95,3.89,345,63
519,mozilla-inbound,firefox,VzikfUyFQnyW0HGn_1B8gQ,109979,1542668851,push,31.9,3.49,617,65
520,mozilla-inbound,firefox,DzAKw3niS2G5aBxDAwOrWg,109980,1542668949,push,62.28,4.04,1994,125
521,mozilla-inbound,firefox,LQkpx7IPQlmHOd0evwKpMg,109981,1542671836,push,18.01,2.93,357,61
522,mozilla-inbound,firefox,bHfWl-MSRV-Trb0D4OPktg,109982,1542676249,push,60.38,4.91,2030,151
523,mozilla-inbound,firefox,fPYECjmeSrSCFnb5eyvG1w,109983,1542676864,push,24.03,3.08,380,64
524,mozilla-inbound,firefox,EsM_ebCJR6ud7P7PjC-IZA,109985,1542679146,push,73.73,4.05,2279,128
525,mozilla-inbound,firefox,JRy6MxtoS8ujGUH5BLMJog,109986,1542679662,push,15.47,2.61,355,61
526,mozilla-inbound,firefox,fuCWlwzlSs-KsWDchkpdWQ,109987,1542681001,push,29.03,2.26,597,28
527,mozilla-inbound,firefox,ObvNAbZgRuSe3ucBYKaXNA,109988,1542686477,push,29.99,3.0,2038,125
528,mozilla-inbound,firefox,Sz-lyMzfTn6MBy6RTC1J0Q,109989,1542690223,push,58.37,3.97,2031,125
529,mozilla-inbound,firefox,K4qzZCWuTZ-lRXg7kHNTJw,109990,1542690920,push,76.14,5.75,2339,159
530,mozilla-inbound,firefox,OPf_pb2FSmynYSasgHUqEA,109991,1542692726,push,4.38,0.52,100,40
531,mozilla-inbound,firefox,c-n5EKdeQHyzdrLZhNa4Ew,109992,1542692793,push,29.92,2.32,602,28
532,mozilla-inbound,firefox,Qwhp_kzrR9W-2F4cmSI2zw,109993,1542707226,push,67.82,7.14,2093,168
533,mozilla-inbound,firefox,ZRXmGZjrTnSQBIXoA1bphQ,109994,1542711931,push,59.15,3.29,1969,90
534,mozilla-inbound,firefox,cmj-uPrJSj6mp2_p484xBg,109995,1542712911,push,72.91,4.1,2281,127
535,mozilla-inbound,firefox,LxWY1myDSOSuOpdG8DUzxg,109996,1542714169,push,15.84,2.95,358,61
536,mozilla-inbound,firefox,H8lvVTjXTg6kcZgkargiPA,109997,1542717902,push,57.05,3.4,1959,90
537,mozilla-inbound,firefox,FLcW6LJTT8mZ1vCWYg5E5g,109998,1542719097,push,29.21,2.29,569,28
538,mozilla-inbound,firefox,Bo2McHQNR5WBpEy8_rVh_Q,109999,1542719994,push,29.64,2.19,569,28
539,mozilla-inbound,firefox,HMJkJdI5Rqy3kAsl8VFD0g,110000,1542720228,push,59.35,3.9,1986,126
540,mozilla-inbound,firefox,KH0rjum9RtO3pYR-Y_3_sw,110001,1542721916,push,15.68,2.66,339,61
541,mozilla-inbound,firefox,KZ61T6LESNWKdm9Ti061YA,110002,1542722390,push,15.89,2.18,304,26
542,mozilla-inbound,firefox,J08DB0-dQcGnqoGuJuYY8A,110003,1542723092,push,19.93,2.33,325,30
543,mozilla-inbound,firefox,NoW-o7jhTPO6j7X_AXlu8A,110004,1542724346,push,15.69,2.65,338,61
544,mozilla-inbound,firefox,fVOH1LV3TBWaypUFIhIMPw,110005,1542724630,push,58.11,3.55,1960,90
545,mozilla-inbound,firefox,P3b7uZYbRnOig2LLQIgcjg,110006,1542724857,push,20.89,2.89,358,64
546,mozilla-inbound,firefox,GaZf-Ta_SKq0UA7KeI6xEw,110007,1542726645,push,16.16,2.33,304,26
547,mozilla-inbound,firefox,FdOGWi0YQzaEuILELVMPag,110008,1542727565,push,2.52,0.02,55,7
548,mozilla-inbound,firefox,ZdaZ_aAWQemLfdaqHaNL5w,110009,1542729472,push,2.84,0.02,57,7
549,mozilla-inbound,firefox,KOSH2dTYSSS8HFSlnmNAnA,110010,1542731171,push,57.84,3.45,1950,90
550,mozilla-inbound,firefox,NzhWGOaFTIaLdmy8ss4qvQ,110012,1542731674,push,11.76,2.34,175,69
551,mozilla-inbound,firefox,R9NZl7MkRKerzjWC-tyYyw,110013,1542732568,push,31.57,3.09,625,64
552,mozilla-inbound,firefox,MPFHaKzPTOO_zNt21CrsLw,110014,1542732822,push,9.91,0.26,102,11
553,mozilla-inbound,firefox,f3H6hcDDRkS-1XP8Mx-BSg,110015,1542733740,push,58.17,3.97,1990,125
554,mozilla-inbound,firefox,aYx3JorYQV6fW5uL7CfaPA,110016,1542734180,push,16.5,2.88,341,61
555,mozilla-inbound,firefox,CC1KXEzIQQ6qgSAQl3TfnQ,110017,1542734682,push,15.57,2.14,316,26
556,mozilla-inbound,firefox,bOsFeSCUQKKmIanxizs1mw,110018,1542735310,push,29.6,2.88,608,63
557,mozilla-inbound,firefox,S-gik1dFR0CkV8y0vvCTCQ,110019,1542739145,push,22.53,2.85,441,85
558,mozilla-inbound,firefox,YVHZllD6Sm2JGBvODcX1pQ,110020,1542740072,push,57.17,3.54,1952,90
559,mozilla-inbound,firefox,IaS_2QX3Rn2Vja0ONXkWAA,110021,1542741226,push,30.59,2.54,603,28
560,mozilla-inbound,firefox,Elje36sYTcmRK87Obtju3A,110022,1542741400,push,16.69,2.21,315,26
561,mozilla-inbound,firefox,UZ3bBgXIS4mwTdsap-CyFA,110023,1542741461,push,18.04,3.04,346,61
562,mozilla-inbound,firefox,V11FlJ_cTTO5eQSnLwGNxA,110024,1542741500,push,18.54,3.0,350,62
563,mozilla-inbound,firefox,JIcIOfI-TauApysLIPzBYg,110025,1542744503,push,59.6,4.11,2000,127
564,mozilla-inbound,firefox,P8RujZ6oSRiayCOtKIU3tg,110026,1542745200,push,16.29,2.7,343,61
565,mozilla-inbound,firefox,LIuxgzPVTqGRCbLyLgDWFQ,110027,1542745572,push,15.85,2.28,306,27
566,mozilla-inbound,firefox,ZyR8B_qUQuGtMj8prNNNwA,110028,1542750636,push,74.94,5.44,2260,141
567,mozilla-inbound,firefox,PF87s_RvQ5SCmLxKJQlfZg,110029,1542758817,push,62.75,3.61,1961,93
568,mozilla-inbound,firefox,NwPY7U3ISVSsNc5f4w7ZhA,110030,1542760385,push,62.58,3.57,1973,92
569,mozilla-inbound,firefox,F_2FXIQ3SpaeOFkAPwMLbA,110031,1542762515,push,1.93,0.0,30,5
570,mozilla-inbound,firefox,W4nxBt_TSDSnRCcL3V31Bg,110032,1542763031,push,15.54,2.59,336,61
571,mozilla-inbound,firefox,BwXo5YCoRSqTb1brlkKTDw,110033,1542766488,push,29.53,2.32,562,28
572,mozilla-inbound,firefox,aTq-ZKXnQLCI3uVZc3W2WA,110034,1542772849,push,61.96,4.31,2032,125
573,mozilla-inbound,firefox,YwPUVshGT7etHfaPfFOL7Q,110035,1542775381,push,78.16,4.66,2307,144
574,mozilla-inbound,firefox,JhNs6VrtSAO1x5jNicefcw,110036,1542776969,push,16.11,2.27,300,27
575,mozilla-inbound,firefox,YuD-4a2XTOmCSMFJmUahZA,110037,1542782311,push,61.58,3.53,1996,90
576,mozilla-inbound,firefox,MHs76c-KTkOdiKunVawt2A,110038,1542792415,push,11.42,0.36,310,34
577,mozilla-inbound,firefox,Z8d7D3_mS9qw9teqBC2nTg,110039,1542793588,push,2.55,0.02,58,7
578,mozilla-inbound,firefox,atg7S6zHQsS-fQvRuhaHoA,110040,1542793874,push,62.77,4.18,2005,129
579,mozilla-inbound,firefox,eQhhpLrsQNa1bjKuOSY7fw,110041,1542795510,push,2.46,0.02,58,7
580,mozilla-inbound,firefox,Z_BOI_1cQ3uysys9J0sSUg,110042,1542796461,push,20.03,2.36,318,28
581,mozilla-inbound,firefox,YKvDQ-G3SvWFKUJ8Rjz4Yw,110043,1542798286,push,30.96,4.1,625,89
582,mozilla-inbound,firefox,V_2HGENJQVCMQRg9IevzOA,110044,1542800930,push,17.31,2.27,299,26
583,mozilla-inbound,firefox,UzbpnL-GQlSZ2Oub35smtg,110045,1542808915,push,23.07,3.26,449,89
584,mozilla-inbound,firefox,D9INnK8wTm2-sbAQlsZXKQ,110046,1542810050,push,1.22,0.0,25,5
585,mozilla-inbound,firefox,TDpEqi1MShSrG_0IICtJWA,110047,1542811619,push,16.28,2.35,314,33
586,mozilla-inbound,firefox,K1Op1vm1QiCQzUpBgHMMsA,110048,1542812106,push,16.17,2.36,299,26
587,mozilla-inbound,firefox,YV8XzFd7Rlm_C1BiI8-LxA,110049,1542814318,push,31.14,3.09,601,63
588,mozilla-inbound,firefox,JrbW2h76TRexW1aOFNB77Q,110050,1542816409,push,60.32,3.48,2010,90
589,mozilla-inbound,firefox,dd-Qu_GhTa2VbUB5DCNhKg,110051,1542817204,push,16.34,2.36,305,26
590,mozilla-inbound,firefox,f04JNUVmSoCD7QawJoEvig,110052,1542817567,push,19.68,4.73,386,87
591,mozilla-inbound,firefox,IFjaRmXtQG2I9n_Bp16iRw,110053,1542820181,push,16.93,2.89,335,61
592,mozilla-inbound,firefox,S_GvmUD0ShOi6-qWCcx3pg,110054,1542821048,push,16.47,2.75,349,61
593,mozilla-inbound,firefox,bpiyzh6YQQ6rrLWp1h_rtQ,110055,1542823624,push,60.37,3.57,1952,94
594,mozilla-inbound,firefox,QZcEtbK2TW6VDjV1wO66bg,110056,1542824103,push,17.78,2.52,296,26
595,mozilla-inbound,firefox,SPR7v8v4SDeUn0LIagy8qQ,110057,1542826899,push,17.5,2.95,337,61
596,mozilla-inbound,firefox,Wf9HeS52QueLTU7_DDL-5g,110058,1542829609,push,21.35,3.04,361,63
597,mozilla-inbound,firefox,O6IZMid3QEqs_5Ks86cgxg,110059,1542834334,push,59.53,4.12,1989,125
598,mozilla-inbound,firefox,WBCHKVOMT8W7l3y3OV87fQ,110060,1542837093,push,77.54,6.15,2302,154
599,mozilla-inbound,firefox,F3kw_84oTJ2bnK8pScCRtw,110061,1542839052,push,19.94,2.39,319,28
600,mozilla-inbound,firefox,M8bAC7pNTzmq00rUpHs0ww,110062,1542850628,push,58.85,3.6,1943,90
601,mozilla-inbound,firefox,RqRr_FSaSqWwAWL1ia1KpQ,110063,1542859657,push,61.09,3.86,1960,90
602,mozilla-inbound,firefox,WU0ett3wTVOuqmdOaQDyWA,110064,1542859886,push,18.1,3.3,338,61
603,mozilla-inbound,firefox,HsT8nbAYTJmxlAGWEugbnQ,110065,1542861492,push,63.84,4.08,2002,92
604,mozilla-inbound,firefox,FnxtqBFgS0GNoKO2XY178A,110066,1542866301,push,62.93,3.89,1986,93
605,mozilla-inbound,firefox,cGjk_kBQRbGJvcyzi-cgwA,110067,1542875103,push,59.98,3.66,1958,90
606,mozilla-inbound,firefox,N46TJXWOTwayQSop7q8Uuw,110068,1542879009,push,57.85,5.63,2285,155
607,mozilla-inbound,firefox,CVx0TI66TeSqCQM6_s06pg,110069,1542879760,push,14.72,2.16,305,30
608,mozilla-inbound,firefox,LVQ8HfciS5i3pQSCdHzjFw,110071,1542900912,push,16.05,2.26,306,26
609,mozilla-inbound,firefox,Ea6tUkkiRsy3ZIlUH4GHUw,110072,1542901649,push,16.23,2.53,356,61
610,mozilla-inbound,firefox,LN2m7pb5RHOG-Xl9Ea5iUg,110073,1542906109,push,58.08,3.89,1991,125
611,mozilla-inbound,firefox,GVEbaB_jSFqsiw01APDFBw,110074,1542912981,push,58.96,3.77,1983,126
612,mozilla-inbound,firefox,ZtmszRarSQCISO6OqgjfYQ,110075,1542914220,push,58.73,3.87,1981,126
613,mozilla-inbound,firefox,HJcJPi95SP-_ww4yqZ603Q,110076,1542923724,push,63.09,3.85,2015,130
614,mozilla-inbound,firefox,YKHdMcyFR8uW9mLPpvCi2A,110077,1542925555,push,16.38,2.69,334,61
615,mozilla-inbound,firefox,JJ9av26ESgKdQh_fdeIlgQ,110078,1542925867,push,15.91,2.73,333,61
616,mozilla-inbound,firefox,IZYNHbwbSL2fWGRZlRav9g,110079,1542957147,push,58.87,3.63,1946,91
617,mozilla-inbound,firefox,FYFKX5CLR72qdqgu4cOrjQ,110080,1542966288,push,74.53,5.78,2311,179
618,mozilla-inbound,firefox,fcYrOWsBQhiWtpCShqJyNg,110081,1542971756,push,73.5,3.46,2214,93
619,mozilla-inbound,firefox,Uc6pQJJWSpaSg5EBf10fyQ,110082,1542977371,push,57.49,3.31,1950,90
620,mozilla-inbound,firefox,WNVC7ibgR5e-nshCujDkUA,110083,1542980828,push,15.98,2.59,353,61
621,mozilla-inbound,firefox,UNSTs_TPQ3qrpfPGz8SaxA,110084,1542983010,push,16.7,2.57,365,62
622,mozilla-inbound,firefox,XJ_J4KjUQDKx1It1Va5RdQ,110085,1542985177,push,59.38,3.9,1992,125
623,mozilla-inbound,firefox,AbIYAIr2St-8mHtyCS1LVw,110086,1542991363,push,71.28,3.36,2224,93
624,mozilla-inbound,firefox,c3OpyDL-RVeP-lD5xXYzxQ,110087,1542998282,push,21.83,2.84,440,85
625,mozilla-inbound,firefox,TjmxioCfT9OdZXJRHZDeEQ,110088,1542998375,push,15.85,2.12,298,26
626,mozilla-inbound,firefox,eDaOKqFvTwCWT_yjLDdS_Q,110089,1543009344,push,62.18,5.94,2024,156
627,mozilla-inbound,firefox,MxZC1i99Q82hMIq4LcAVDw,110090,1543013679,push,74.22,3.41,2219,95
628,mozilla-inbound,firefox,XX8MncfzSFyDgSNGmIh1Ew,110091,1543053423,push,66.55,4.47,2098,150
629,mozilla-inbound,firefox,MjH7dfGjTd2UGTCNu7a6Wg,110092,1543096103,push,59.2,4.08,2017,126
630,mozilla-inbound,firefox,HgukWwroRMmdn_m8BB8L9g,110093,1543098414,push,65.13,3.78,2250,127
631,mozilla-inbound,firefox,fmigfD3ZSbSe1gOEBsFJHg,110094,1543139434,push,64.14,4.23,2004,129
632,mozilla-inbound,firefox,IeqtC-uFTQmWG2UuRhp4jw,110095,1543182930,push,58.65,3.49,1950,91
633,mozilla-inbound,firefox,e4vnXadGSLm2dK694Pt-AA,110096,1543216206,push,60.04,3.47,1981,91
634,mozilla-inbound,firefox,BxWcVcKjQTit638XOJZCTg,110097,1543217451,push,30.3,3.01,571,63
635,mozilla-inbound,firefox,Gh-s3eeyQqGNSz63Y6XwXA,110098,1543225803,push,60.78,4.45,2042,125
636,mozilla-inbound,firefox,Y4Fnwf4RTNKF3xVNHPoRJQ,110099,1543228296,push,16.56,2.79,312,61
637,mozilla-inbound,firefox,OcIKd-UPTIm1R7P_a2jN4Q,110100,1543232011,push,60.01,3.28,2018,93
638,mozilla-inbound,firefox,bB6xVoaCQMe8yslJcu13TA,110101,1543233862,push,28.32,2.25,534,28
639,mozilla-inbound,firefox,TFUQwDk0SIWrXEgqfrvmhg,110102,1543235728,push,15.74,2.07,284,26
640,mozilla-inbound,firefox,HuN2lWd-TUazHMJbnauIkA,110103,1543239362,push,70.37,3.38,2239,92
641,mozilla-inbound,firefox,aNzXiGrFT2-hGmrETRxH6A,110104,1543243014,push,56.42,3.22,1947,90
642,mozilla-inbound,firefox,XtveToIcSyyWy9RxQepNsg,110105,1543246752,push,56.15,3.23,1945,90
643,mozilla-inbound,firefox,d9yOiT-ARAiQ88BGsRyulg,110106,1543246985,push,15.73,2.54,302,61
644,mozilla-inbound,firefox,JLDjgLCsR0mbAF6K1F-qvw,110107,1543248456,push,19.18,2.24,285,28
645,mozilla-inbound,firefox,Q8tSQWwKQ2i2FgMLp8L-Dg,110108,1543249009,push,30.35,3.78,595,89
646,mozilla-inbound,firefox,XXxC-YFESYep2c8v0wBaCQ,110109,1543249426,push,32.88,3.24,570,63
647,mozilla-inbound,firefox,Xg8poSE8Q7moM3Kz3fkm3Q,110110,1543253983,push,57.4,3.45,1947,90
648,mozilla-inbound,firefox,HSZT-rXCStmXaMwxq9q4xQ,110111,1543254459,push,15.56,2.23,267,26
649,mozilla-inbound,firefox,BkshkyraQ3Kc3M0sat1Uag,110112,1543255221,push,15.15,2.09,266,26
650,mozilla-inbound,firefox,HWnUJYJ_Ru6EhlVHTjP8Yg,110113,1543256187,push,15.33,2.12,272,26
651,mozilla-inbound,firefox,f-ZGVtXKS2-Ua8APLfKUXA,110114,1543256245,push,15.99,2.05,311,26
652,mozilla-inbound,firefox,Q7oIk8DTRtyMb9Iu2oab0Q,110115,1543257078,push,57.74,3.41,1965,90
653,mozilla-inbound,firefox,MnyUYVjwS9aZbx0FoWfANQ,110116,1543257445,push,12.16,2.29,149,69
654,mozilla-inbound,firefox,cTl0UQt6R0O6z9fUjQyEvw,110117,1543260348,push,15.61,2.27,266,26
655,mozilla-inbound,firefox,K5InjjgUToOLZDb2aObZIQ,110118,1543260555,push,15.77,2.15,266,26
656,mozilla-inbound,firefox,VvEUxXKsSMqZ9V6_Ycj1qA,110119,1543261214,push,9.4,0.28,85,12
657,mozilla-inbound,firefox,SKZ39htGTKO4z1vSkzSfVg,110120,1543262887,push,57.27,3.1,1953,90
658,mozilla-inbound,firefox,MCqNphLrT1WzhF9RsFrKzg,110121,1543263476,push,21.56,2.15,284,28
659,mozilla-inbound,firefox,btgX4encQrmPO5TJPLH8ig,110122,1543264530,push,20.3,2.24,284,28
660,mozilla-inbound,firefox,S-ZWuF8bTFS-TfHV69bfGg,110123,1543267506,push,17.12,2.5,268,26
661,mozilla-inbound,firefox,U1Ti7Xu1T1KvxXdszH2WJw,110124,1543268185,push,17.34,3.01,301,61
662,mozilla-inbound,firefox,ey3PFJOQSW-XsEy5yIS8nQ,110125,1543269941,push,57.13,3.53,1945,90
663,mozilla-inbound,firefox,LgsXAnkpQz-WEu_nJy21fw,110126,1543273537,push,21.28,3.41,335,67
664,mozilla-inbound,firefox,OL655LwZQF6SbgAdVzsSvg,110127,1543276310,push,21.04,2.4,284,28
665,mozilla-inbound,firefox,crT9mZIqRy-xGAhZIuIeBw,110128,1543280360,push,32.07,0.87,1005,72
666,mozilla-inbound,firefox,dcKosl5VRPKuFTFNyIONNw,110129,1543286220,push,59.84,3.88,1947,90
667,mozilla-inbound,firefox,fqPcc9IbRd2Zwh1D0FCt7A,110130,1543292356,push,72.52,3.46,2181,92
668,mozilla-inbound,firefox,ZJInoeMsR_-U97CsBEHfwQ,110131,1543295995,push,59.24,3.49,1973,90
669,mozilla-inbound,firefox,FgluCVmNRdifqTEN7aPwuQ,110132,1543304712,push,70.62,3.92,2194,127
670,mozilla-inbound,firefox,dNvdBIyHSSGqe1gwdZOPAw,110133,1543307535,push,22.32,3.25,324,64
671,mozilla-inbound,firefox,X8DYe9r6Svyc2gt12sVyew,110134,1543307874,push,3.42,0.75,266,26
672,mozilla-inbound,firefox,KXKEOpadSfm-i4oQZm7nvQ,110135,1543308169,push,62.75,4.21,2053,132
673,mozilla-inbound,firefox,EHxCOjhLTMutUNoKsXhZWA,110136,1543312175,push,75.87,5.95,2247,158
674,mozilla-inbound,firefox,FpaH7mFgRf-3SNmVc2IexA,110137,1543313947,push,29.95,2.93,514,63
675,mozilla-inbound,firefox,MR-3-dHRScKNs8oUTVre3w,110138,1543314203,push,15.58,2.22,263,26
676,mozilla-inbound,firefox,Ghy9Rzk_SnGGh9zNGZ-mnw,110139,1543315451,push,16.95,2.74,308,61
677,mozilla-inbound,firefox,Ftm7A5nASOudly9tgoSofg,110140,1543315698,push,56.51,3.41,1947,90
678,mozilla-inbound,firefox,ZK-bmQfZR2aHqw5KmLWLNQ,110141,1543318914,push,29.94,2.23,477,28
679,mozilla-inbound,firefox,f4gbBpSgSuSaTEveb75o2Q,110142,1543320675,push,16.73,2.82,308,61
680,mozilla-inbound,firefox,KRGlYC-NR9eMxhlhWRfuGg,110143,1543321605,push,15.41,2.07,266,26
681,mozilla-inbound,firefox,dt3smvqfR82VvbLyv0PoRQ,110144,1543328770,push,56.6,3.72,1956,90
682,mozilla-inbound,firefox,d1fouEJkTQK7Lpwy_bpJKg,110145,1543328971,push,20.25,0.92,374,27
683,mozilla-inbound,firefox,S6u2-jZbTtiORxWXdMZi4g,110146,1543331852,push,15.98,2.6,309,61
684,mozilla-inbound,firefox,C-7cBpjTTEGLNNCZtC45Jw,110148,1543332820,push,16.18,2.28,264,26
685,mozilla-inbound,firefox,PV8Hb5HHQSW94cvpU4mKnw,110149,1543334313,push,15.23,2.16,266,26
686,mozilla-inbound,firefox,H5LQOLJnRluG97-cPs_fdA,110150,1543335584,push,5.03,0.45,121,41
687,mozilla-inbound,firefox,W9XLILyhQPucXM7sLluoZQ,110151,1543336891,push,20.23,2.29,313,39
688,mozilla-inbound,firefox,RQmgZLzKS4WR0TXdoB61kA,110152,1543338396,push,15.77,2.17,286,29
689,mozilla-inbound,firefox,Hkq2fHcZSEe9-EzcRHulVQ,110154,1543340341,push,32.92,4.51,569,96
690,mozilla-inbound,firefox,WTFlErZbTwSx7TLkEzgALw,110155,1543342572,push,12.94,0.32,312,34
691,mozilla-inbound,firefox,SE48Gu-bRlq3A7luMU3xww,110156,1543346324,push,58.32,3.9,1989,125
692,mozilla-inbound,firefox,K2feQVwuROyNTLZ7a9VROw,110157,1543347224,push,21.58,2.86,334,67
693,mozilla-inbound,firefox,AhACxEfcQVOBxaSxAFq_yw,110158,1543348116,push,16.38,2.22,285,29
694,mozilla-inbound,firefox,b8tsNcghQpOWWScLCkHE7w,110159,1543350556,push,20.08,2.54,307,38
695,mozilla-inbound,firefox,SYacCTFTR_uk-w3lu0kWfw,110160,1543351103,push,61.53,3.66,1981,98
696,mozilla-inbound,firefox,Oyp4PfDURAK4305iQMB1mg,110161,1543351183,push,16.35,2.89,313,64
697,mozilla-inbound,firefox,faLzZ1HvRLmJKYA_nAHXRA,110162,1543352480,push,17.13,2.8,312,64
698,mozilla-inbound,firefox,aChGq4DXQ-KfZXw19zfhgw,110163,1543354775,push,21.6,2.99,333,66
699,mozilla-inbound,firefox,d6tlxfLwTdSjr8GMFlRtBQ,110164,1543356330,push,34.21,4.33,595,114
700,mozilla-inbound,firefox,K9AV1U9jQh2U4tWxdmILpw,110165,1543357838,push,60.58,3.76,1946,90
701,mozilla-inbound,firefox,QrP09LvtSXSxjaNqCoRCHg,110166,1543357991,push,23.97,3.35,341,67
702,mozilla-inbound,firefox,SWV7nEHZTD-zHLe7qpjFyA,110167,1543358957,push,32.75,2.63,496,31
703,mozilla-inbound,firefox,UeHZLajkQFuqUkF_L08OSA,110168,1543360319,push,23.23,2.6,327,32
704,mozilla-inbound,firefox,fZQ2wZHlTm-YxxpAS7FVSg,110169,1543360788,push,19.11,2.61,294,31
705,mozilla-inbound,firefox,cI3m0WrERD6AvrkSC0XAvw,110170,1543364949,push,54.26,4.09,2006,128
706,mozilla-inbound,firefox,PnxUnWksRmaXMi4xvHHI-A,110171,1543366688,push,22.07,2.36,296,30
707,mozilla-inbound,firefox,NyUkEpulQG-poAxdi0zIjg,110172,1543368108,push,67.63,3.88,2172,125
708,mozilla-inbound,firefox,fMYJw3DNSW2lkc5jXnYj6A,110173,1543373097,push,61.63,3.57,1947,90
709,mozilla-inbound,firefox,USM6ui4fTiulijeuf_0XHw,110174,1543373238,push,18.08,3.16,314,63
710,mozilla-inbound,firefox,cDXCUz2VSXeYcGn0iLsrCA,110175,1543373306,push,61.28,4.09,2008,125
711,mozilla-inbound,firefox,LYfc_ikGRSu0HAAw_2rQJg,110176,1543378382,push,65.05,5.1,2048,161
712,mozilla-inbound,firefox,PbvHRqZ3T_u97UyrZdzKrQ,110177,1543382231,push,74.6,3.71,2170,93
713,mozilla-inbound,firefox,I1SHrYQPQBaoI0PcfJnuxQ,110178,1543388759,push,60.39,4.05,1982,125
714,mozilla-inbound,firefox,AZLcZWvyTlumv2LU5jaGyg,110179,1543389758,push,24.12,4.08,363,79
715,mozilla-inbound,firefox,Vx6_51_mS3ucclJL1ctgAg,110180,1543392681,push,61.56,4.21,2005,125
716,mozilla-inbound,firefox,EYIPhmBeQW-ZwWJr9bf_PA,110181,1543396296,push,65.75,4.48,2020,142
717,mozilla-inbound,firefox,Y5YxHeJ3SzyvwLVclIUn5Q,110182,1543398281,push,22.76,3.53,371,79
718,mozilla-inbound,firefox,LHzIR7N2QSK5qOxWqrifqA,110183,1543399339,push,19.48,3.65,317,63
719,mozilla-inbound,firefox,DlBA9gtHSciGJ1s79GSE2Q,110184,1543400299,push,18.96,2.97,326,63
720,mozilla-inbound,firefox,QqBBfD3FSlq4Pgh7s5VuDA,110185,1543403935,push,59.9,3.42,1963,92
721,mozilla-inbound,firefox,fY8WdcAyQQyVNjZ0MCa9xw,110186,1543404574,push,16.49,2.2,277,29
722,mozilla-inbound,firefox,RuNUMsalRaODSmqr2A57cw,110187,1543405230,push,16.22,2.64,310,63
723,mozilla-inbound,firefox,DAvwobEGTiWIaoW9FFCTAw,110188,1543406270,push,15.8,2.05,276,28
724,mozilla-inbound,firefox,JndftLzSSYm4MX6147Y5hg,110189,1543406424,push,16.69,2.39,274,28
725,mozilla-inbound,firefox,RnbF5ssHQf2pVRVplvEIwg,110190,1543409003,push,60.85,3.74,2011,125
726,mozilla-inbound,firefox,K75LqecVTLaLs9nJ_h40NQ,110191,1543418515,push,69.8,3.8,2176,126
727,mozilla-inbound,firefox,KMURdIeXSRyoDqHR73Gr_A,110192,1543420815,push,72.26,4.28,2203,125
728,mozilla-inbound,firefox,HX2DmYG1Q6CBopqVqHexrA,110193,1543421114,push,29.77,2.25,493,31
729,mozilla-inbound,firefox,BF7KgR7wQNOak6tS7C2kDA,110194,1543422303,push,28.83,2.14,499,30
730,mozilla-inbound,firefox,VV3UdUOIRIi8t8fNiFfXrg,110195,1543422329,push,60.03,4.09,2003,125
731,mozilla-inbound,firefox,akgsJ4GARdeS4WkLc7vjzQ,110196,1543422366,push,16.71,2.57,313,63
732,mozilla-inbound,firefox,Tics5cxQQY2cFK3LrQ8Sjg,110197,1543422606,push,16.51,2.2,275,28
733,mozilla-inbound,firefox,RvOfpgL2SLCa84nBX-Tt7g,110198,1543422622,push,17.31,2.55,349,63
734,mozilla-inbound,firefox,Brhy9EY_TaiV8St-E4_9bg,110199,1543422974,push,2.76,0.0,76,9
735,mozilla-inbound,firefox,WBWNGqqpQ7al_Vg5Ou6Hfw,110200,1543423190,push,60.57,3.99,2037,126
736,mozilla-inbound,firefox,XXCDjH-tQwyw_bCTN9yUdg,110201,1543424855,push,16.69,2.5,319,66
737,mozilla-inbound,firefox,Vtmaar3sROGSkkAJ1avl8w,110202,1543425861,push,16.55,2.64,312,63
738,mozilla-inbound,firefox,R4igcFmSRqKHissM3dRWpA,110203,1543426213,push,16.32,2.06,276,28
739,mozilla-inbound,firefox,MVXTtIhYQc6HzjzsrbFV7A,110204,1543427305,push,15.75,2.03,282,28
740,mozilla-inbound,firefox,AQPljmTLTjW6PzpMnMy2Bg,110205,1543427962,push,6.59,0.57,1967,92
741,mozilla-inbound,firefox,Ny6VAfCgTFaRiE05hfObxA,110206,1543429166,push,18.76,2.35,317,28
742,mozilla-inbound,firefox,bqb2t7thS66kZFQW-3mIaQ,110207,1543430589,push,2.57,0.0,66,9
743,mozilla-inbound,firefox,Cr0CGY8XTK2jmwj3-75c0Q,110208,1543431250,push,19.47,2.98,313,64
744,mozilla-inbound,firefox,X849EE_xTS-CuWWKA__2Ew,110209,1543431475,push,2.74,0.0,65,9
745,mozilla-inbound,firefox,KU2eB0PBRyS_fOmcHWWK9Q,110210,1543431544,push,98.71,4.9,1982,125
746,mozilla-inbound,firefox,BSze19mhTR6zaw-2xhqceg,110211,1543432019,push,16.34,2.45,276,28
747,mozilla-inbound,firefox,OON36UZJQLiEOpmKXooW6w,110212,1543433642,push,16.79,2.75,317,64
748,mozilla-inbound,firefox,GD0mFMfKROCadSOnHR8M6g,110213,1543435336,push,17.1,2.77,316,64
749,mozilla-inbound,firefox,C2Z4Chc-R7Kb8FOeOsqWew,110214,1543437657,push,17.04,2.1,286,29
750,mozilla-inbound,firefox,VASvA3SOSEOxvfB2hygXXw,110215,1543437827,push,59.55,3.34,1977,90
751,mozilla-inbound,firefox,aUlCs-OPSDyjCP0c-eElZg,110216,1543438907,push,31.37,3.07,532,65
752,mozilla-inbound,firefox,G8OuF7ZuQ9eUuWOAkx_Dww,110217,1543441111,push,16.79,2.15,274,28
753,mozilla-inbound,firefox,OWusDDCqR8yQ1H7YBG0RLg,110218,1543441179,push,16.99,2.75,311,63
754,mozilla-inbound,firefox,Z2MNTe3nTVmlwiBixmGQKA,110219,1543441232,push,17.19,2.78,313,64
755,mozilla-inbound,firefox,dt7kIYcaQJWKo-fkYL1Spg,110220,1543441447,push,59.89,3.32,1975,92
756,mozilla-inbound,firefox,bcaJRIewTY-lewnYLGPHhg,110221,1543442426,push,16.88,2.89,313,64
757,mozilla-inbound,firefox,JqZJ3CCRTiOpOV_g_DVczw,110222,1543443128,push,16.89,2.63,311,63
758,mozilla-inbound,firefox,aLiGgz1BRCaBaTzYFFwhSQ,110223,1543444519,push,32.23,3.51,547,81
759,mozilla-inbound,firefox,ZMQkTZgZRD63CL0JHm7YXQ,110224,1543445219,push,20.92,2.38,305,33
760,mozilla-inbound,firefox,CYuNhmk7TRa93eF36t5Q8g,110225,1543446474,push,64.7,3.47,1995,94
761,mozilla-inbound,firefox,Zily45jtT-2KD5OFg_6RjQ,110226,1543447058,push,16.93,2.3,278,28
762,mozilla-inbound,firefox,TLjV_EBoRN2_2MoBSHzN8A,110227,1543447626,push,20.63,2.33,298,30
763,mozilla-inbound,firefox,VTozqSn3RjeSOLsmLC2wmw,110228,1543464091,push,74.64,4.19,2209,127
764,mozilla-inbound,firefox,QTFgyJF-TDmwuInjZR5ddQ,110229,1543466436,push,33.27,4.36,600,113
765,mozilla-inbound,firefox,cWKADcuBQ4WITQZrc7EbGw,110230,1543470334,push,60.19,4.15,1987,125
766,mozilla-inbound,firefox,OsDnT2jZQ82MJlNsb8xoAA,110231,1543482575,push,60.32,3.47,1973,90
767,mozilla-inbound,firefox,biR38odNSFaIOvs37m8GqA,110232,1543485768,push,30.73,3.39,552,80
768,mozilla-inbound,firefox,D8KljiSnQXmp97VnNEpSvw,110233,1543487698,push,10.95,1.93,151,69
769,mozilla-inbound,firefox,DtxvHLUhQyGMW3tOLnOCpA,110234,1543488428,push,16.55,2.63,317,63
770,mozilla-inbound,firefox,GVTCtZMnR46v5GBrSrWtiQ,110235,1543490003,push,71.98,3.34,2163,92
771,mozilla-inbound,firefox,cTSnspOITPuSIr-1xJ3oyg,110236,1543491449,push,16.47,2.08,286,28
772,mozilla-inbound,firefox,eDvB4sYYT3uBNMYPvt8_DQ,110237,1543491833,push,15.8,2.13,284,29
773,mozilla-inbound,firefox,OqNv8aMcRHGeo6Bc4TEM6g,110238,1543497376,push,61.4,3.61,1967,90
774,mozilla-inbound,firefox,HcjkMbH_TyacHrWmXbRblw,110239,1543499186,push,29.12,2.24,496,30
775,mozilla-inbound,firefox,ffkVNqAgQayonOhLC228xQ,110240,1543500210,push,73.26,3.39,2184,92
776,mozilla-inbound,firefox,LgyPGoJDRjq3zsOZZR-b2A,110241,1543501200,push,16.55,2.67,321,65
777,mozilla-inbound,firefox,IuSG6tpsQXCx5KxoJVkVHA,110242,1543502251,push,8.03,1.61,320,63
778,mozilla-inbound,firefox,AVYBzlHFSJq-uezS4fpsGg,110243,1543503096,push,16.52,2.52,318,63
779,mozilla-inbound,firefox,H7_MPCdXTFOVtIYMGGTBFA,110244,1543503258,push,29.51,2.31,494,30
780,mozilla-inbound,firefox,B8LGc0agQsWBq-OhzLoi9Q,110245,1543504453,push,59.7,3.86,1984,125
781,mozilla-inbound,firefox,FvOx_NpAQCuDPOiDHuVF3w,110246,1543506964,push,15.84,2.22,281,28
782,mozilla-inbound,firefox,azuD3NjmSTGrz7Lt2OKLjQ,110247,1543511816,push,64.89,4.32,2010,129
783,mozilla-inbound,firefox,FvpR1QaER7ar4gaQ5wOIJQ,110248,1543514602,push,16.12,2.16,283,31
784,mozilla-inbound,firefox,coB3_Ak0RQ-jH6wEqvMcaQ,110249,1543514861,push,16.17,2.48,322,65
785,mozilla-inbound,firefox,XQCrLMp_QsW9HNUjqqllkg,110250,1543518036,push,11.32,0.29,313,34
786,mozilla-inbound,firefox,P_eSZeIoSdSKvoAA_DG_Hg,110252,1543524197,push,59.96,3.42,1956,94
787,mozilla-inbound,firefox,BaHomKFxQuuMAAn3rgk6uQ,110253,1543524649,push,24.83,3.89,384,96
788,mozilla-inbound,firefox,Z_rKIbi6SVaApcnZHB0qyg,110254,1543528056,push,33.82,4.61,565,92
789,mozilla-inbound,firefox,Cdv738yMTkGY68Kh0IUxQg,110255,1543528425,push,63.32,4.77,2044,151
790,mozilla-inbound,firefox,aVUTzz-mRhqWIAZdpHWZnQ,110256,1543530153,push,21.49,2.27,303,31
791,mozilla-inbound,firefox,Gp0JB3dRSaKPcV-31Psx3w,110257,1543532297,push,30.3,2.15,492,30
792,mozilla-inbound,firefox,dffogLPHReCKen9Akv2nWA,110258,1543533015,push,16.87,2.28,297,30
793,mozilla-inbound,firefox,R5rHGD66QxGx9Z_OeLCZZg,110259,1543534984,push,3.12,0.0,68,9
794,mozilla-inbound,firefox,QAMDhwBUReyobJH3JwTTng,110260,1543535161,push,60.98,4.27,1992,125
795,mozilla-inbound,firefox,DmfRbAHTQESYt0L0k95rGQ,110261,1543546124,push,75.19,3.9,2214,128
796,mozilla-inbound,firefox,XSGsXGaMS1i6xt8HPjRzjg,110262,1543547766,push,21.38,2.99,346,77
797,mozilla-inbound,firefox,fg4myF1OQTKhhcGtItkbug,110264,1543553418,push,58.4,3.32,1949,90
798,mozilla-inbound,firefox,M_gCvnfoSXi2AOhaLK0M9Q,110265,1543558210,push,72.86,3.36,2161,92
799,mozilla-inbound,firefox,AeEaMlR0SrqYHnppgfoakw,110266,1543560201,push,8.56,1.29,835,29
800,mozilla-inbound,firefox,V8NduTryRMKSfjftDSFWTg,110267,1543561273,push,68.39,3.86,2174,125
801,mozilla-inbound,firefox,QYGuNCyCTauzS2VkBFqEEw,110268,1543571563,push,76.6,5.71,2244,156
